"trolley_1_rate","util_score","Region","Age","Gender"
"2",4.56958983282847,"Western",18,"Female"
"7",3.53023898063438,"Western",32,"Male"
"4",4.2429325233511,"Eastern",19,"Male"
"2",4.60907243183827,"Southern",28,"Female"
"1",3.83843609008163,"Eastern",18,"Male"
"5",3.81097532775475,"Eastern",58,"Male"
"1",4.0068434605383,"Western",21,"Female"
"5",3.09608966819283,"Western",20,"Female"
"3",2.53439910281869,"Western",27,"Female"
"6",4.82643960317209,"Eastern",37,"Male"
"5",3.66524339196261,"Western",20,"Female"
"6",3.50113961668851,"Eastern",22,"Female"
"3",4.05890509652025,"Southern",21,"Female"
"4",4.2429325233511,"Eastern",23,"Male"
"2",2.56266951204518,"Southern",58,"Female"
"9",3.42231940602301,"Eastern",30,"Male"
"2",3.84167133734753,"Southern",20,"Female"
"2",2.85870787955433,"Western",40,"Female"
"4",3.78882176592284,"Southern",28,"Male"
"2",4.48117224942315,"Southern",30,"Female"
"5",3.89290488106073,"Western",20,"Female"
"7",5.35277669595859,"Southern",25,"Female"
"1",4.15330138807592,"Southern",19,"Female"
"1",4.27401265406804,"Eastern",21,"Female"
"4",4.07079890524295,"Southern",22,"Male"
"3",2.51650798465729,"Southern",21,"Female"
"4",4.27168312112437,"Western",76,"Female"
"3",3.5566675169908,"Eastern",18,"Female"
"4",3.10879867096798,"Eastern",20,"Female"
"9",4.37581339898552,"Southern",75,"Female"
"1",4.11929768958518,"Western",24,"Female"
"4",3.97656535081753,"Southern",21,"Female"
"1",2.93873149399149,"Southern",24,"Female"
"1",1.75370328894649,"Southern",37,"Male"
"2",2.30686914606383,"Southern",21,"Female"
"2",3.32520599008132,"Eastern",26,"Male"
"6",4.58820156481325,"Eastern",24,"Female"
"5",3.85137046789303,"Western",24,"Male"
"4",4.60857639629431,"Western",22,"Female"
"1",3.219663856198,"Western",31,"Female"
"5",3.75187687034971,"Eastern",23,"Female"
"1",3.06305042191011,"Eastern",42,"Male"
"4",4.88237282854969,"Southern",23,"Female"
"1",2.17211464582821,"Southern",22,"Male"
"7",4.89918177771132,"Southern",26,"Male"
"1",2.59052600270993,"Southern",28,"Male"
"5",4.10971893013657,"Eastern",27,"Male"
"6",3.0033727279884,"Western",27,"Female"
"1",1.87021310662326,"Western",30,"Female"
"3",3.16033045330654,"Western",23,"Male"
"1",3.9249215516871,"Western",22,"Male"
"4",3.9347898469651,"Western",21,"Female"
"1",1.84458722963882,"Eastern",22,"Male"
"7",2.57893210170957,"Southern",24,"Female"
"1",3.10720962715111,"Western",22,"Female"
"5",5.37270456122301,"Western",21,"Female"
"1",3.84576007523794,"Southern",32,"Male"
"5",4.75138582632906,"Southern",19,"Female"
"5",3.32375115729095,"Western",24,"Female"
"2",2.2896740365587,"Western",30,"Male"
"1",3.84965891478255,"Southern",18,"Female"
"1",2.95228104088517,"Eastern",24,"Male"
"2",2.86293590190548,"Southern",36,"Male"
"6",3.74270893825244,"Eastern",51,"Female"
"1",3.74115723601751,"Southern",22,"Male"
"1",2.98835709164663,"Eastern",40,"Female"
"3",3.76305887706549,"Western",26,"Male"
"5",3.75187687034971,"Eastern",23,"Female"
"4",5.09845555834711,"Western",20,"Male"
"6",4.35827556465768,"Southern",25,"Female"
"1",2.22529052628487,"Western",28,"Male"
"8",4.18412456471075,"Western",18,"Female"
"3",2.43173610279802,"Eastern",24,"Male"
"4",2.95753193849622,"Southern",25,"Female"
"3",4.70157056047128,"Southern",25,"Female"
"5",3.97180262105667,"Western",51,"Male"
"2",3.7137711549324,"Southern",21,"Female"
"1",3.10720962715111,"Western",33,"Female"
"3",3.53933440868405,"Eastern",38,"Male"
"1",3.22211264825927,"Eastern",31,"Female"
"3",3.05987571616406,"Western",66,"Male"
"1",1,"Western",87,"Female"
"1",2.84151165986023,"Eastern",50,"Male"
"1",2.88230116905733,"Western",31,"Female"
"1",3.54601644148917,"Southern",20,"Female"
"2",4.46894971803655,"Western",18,"Female"
"7",3.66434955186906,"Southern",25,"Female"
"2",3.16062822393009,"Western",23,"Female"
"1",2.48677222331521,"Western",22,"Male"
"2",4.11131963826529,"Western",35,"Male"
"3",4.64693271556692,"Eastern",53,"Male"
"3",3.81397566835172,"Western",30,"Female"
"6",5.75999588441188,"Western",29,"Female"
"2",3.01833227680414,"Western",23,"Male"
"1",3.44480228281378,"Southern",30,"Female"
"2",3.28912464239453,"Eastern",19,"Female"
"2",4.48117224942315,"Southern",24,"Female"
"7",3.54374761308305,"Southern",24,"Female"
"7",4.85939859252518,"Western",20,"Male"
"1",1.3193049679383,"Southern",82,"Female"
"4",4.55143381544676,"Eastern",50,"Male"
"4",4.70331939321801,"Eastern",19,"Female"
"3",2.74766186438065,"Western",48,"Female"
"1",3.84965891478255,"Southern",56,"Female"
"8",4.21262284931262,"Southern",20,"Female"
"6",4.20849243193227,"Southern",40,"Male"
"7",4.63998752578502,"Eastern",26,"Female"
"5",2.91474451971303,"Eastern",24,"Male"
"7",5.06148780851734,"Eastern",21,"Male"
"1",3.89438923149141,"Western",40,"Female"
"1",4.23175191863207,"Western",23,"Female"
"5",4.86072267949761,"Southern",18,"Female"
"5",3.81097532775475,"Eastern",50,"Male"
"7",4.74976700202855,"Southern",22,"Female"
"6",3.66893772717643,"Eastern",49,"Male"
"3",3.9303720039614,"Southern",21,"Female"
"8",3.14706596369711,"Eastern",29,"Female"
"3",4.56039533141938,"Western",19,"Female"
"7",3.90555342944108,"Southern",22,"Female"
"3",3.15141652911076,"Southern",26,"Male"
"1",5.16544296663144,"Southern",19,"Female"
"3",1.87384252070625,"Southern",22,"Female"
"6",3.79964318290678,"Western",22,"Male"
"6",3.0033727279884,"Western",22,"Female"
"3",3.41623963372601,"Southern",32,"Female"
"3",3.28770654001037,"Southern",38,"Female"
"1",2.02780407320043,"Southern",42,"Female"
"3",4.31465322310332,"Eastern",20,"Male"
"1",4.26417143211965,"Southern",21,"Male"
"2",3.28902793680212,"Southern",25,"Male"
"3",4.027238428954,"Western",38,"Female"
"3",3.36123992759149,"Western",18,"Male"
"2",3.26126833872201,"Western",18,"Female"
"7",3.94726960401566,"Eastern",36,"Female"
"3",3.9306598993016,"Southern",28,"Male"
"1",1.23068909190291,"Southern",41,"Male"
"1",3.66343985583342,"Western",23,"Male"
"6",3.87778080712895,"Southern",20,"Female"
"1",1,"Western",44,"Female"
"6",4.47839925512098,"Southern",21,"Female"
"4",5.67495437169271,"Southern",21,"Female"
"6",3.66893772717643,"Eastern",18,"Male"
"7",3.5819971306398,"Western",19,"Female"
"2",1.53946805157308,"Southern",24,"Female"
"1",3.44480228281378,"Southern",23,"Female"
"2",2.25486718989706,"Western",53,"Female"
"1",3.14115980952041,"Southern",20,"Female"
"4",2.25032347414739,"Western",21,"Female"
"1",2.02780407320043,"Southern",63,"Female"
"5",3.41265052457898,"Eastern",20,"Male"
"1",3.55702654435075,"Western",25,"Female"
"5",4.23439711470792,"Western",22,"Female"
"3",4.34713256985742,"Western",19,"Female"
"3",3.9303720039614,"Southern",20,"Female"
"3",3.97410469600908,"Eastern",19,"Female"
"5",5.18873323900326,"Southern",20,"Female"
"3",4.24050118955628,"Western",22,"Female"
"1",1.17936374169349,"Western",24,"Male"
"8",5.86028533275265,"Southern",23,"Female"
"5",3.4778314788957,"Eastern",18,"Female"
"4",4.55143381544676,"Eastern",48,"Male"
"1",3.84965891478255,"Southern",56,"Female"
"5",3.21348812209486,"Eastern",19,"Male"
"3",3.92060704865286,"Western",52,"Female"
"5",2.81516331891909,"Eastern",24,"Male"
"6",5.33450247992832,"Western",19,"Male"
"7",5.12030934571609,"Western",19,"Female"
"2",3.13977531684505,"Western",26,"Male"
"6",4.5670728309242,"Western",19,"Male"
"3",3.15917344745152,"Southern",19,"Female"
"3",4.45015547864958,"Southern",20,"Male"
"1",2.5092035167854,"Eastern",34,"Male"
"5",2.79271800334368,"Eastern",23,"Female"
"2",3.36190845351393,"Western",23,"Female"
"2",4.95913141233076,"Eastern",22,"Female"
"4",3.75011348163924,"Southern",23,"Female"
"2",2.65400315668142,"Western",65,"Male"
"3",3.49408152648862,"Western",19,"Female"
"3",3.65009424016981,"Eastern",21,"Male"
"1",2.32003002281081,"Western",26,"Female"
"4",3.1839838076745,"Southern",59,"Female"
"5",3.43934358633841,"Southern",18,"Female"
"1",3.00893736053307,"Southern",27,"Male"
"7",3.41947567980962,"Western",19,"Male"
"1",2.65739271096356,"Western",25,"Female"
"7",2.605904920829,"Eastern",19,"Male"
"2",3.52769703779297,"Eastern",22,"Female"
"2",3.98987659822438,"Western",23,"Male"
"4",3.03688272688995,"Southern",47,"Male"
"2",3.96957151976265,"Southern",23,"Female"
"1",2.22529052628487,"Western",20,"Male"
"3",3.02154263427377,"Southern",22,"Male"
"5",5.07939638583471,"Southern",20,"Female"
"1",3.40195815880308,"Western",20,"Male"
"1",3.27121731087624,"Western",73,"Male"
"6",4.45744002406457,"Western",26,"Male"
"2",4.06638925796312,"Western",30,"Female"
"1",4.45666037672585,"Western",62,"Female"
"1",2.84151165986023,"Eastern",58,"Male"
"7",5.35560511063878,"Southern",18,"Male"
"2",3.32520599008132,"Eastern",22,"Male"
"8",4.07531764256524,"Southern",18,"Female"
"3",4.05890509652025,"Southern",22,"Female"
"1",3.63655439679708,"Southern",28,"Male"
"2",3.58587097251728,"Southern",20,"Female"
"4",4.85993510893069,"Eastern",40,"Male"
"7",4.09476786861398,"Western",24,"Female"
"2",3.74699051814257,"Western",23,"Male"
"6",4.46741690403129,"Eastern",23,"Female"
"2",3.49461548800421,"Eastern",27,"Male"
"1",4.2815136141814,"Eastern",26,"Male"
"4",2.66091320779647,"Southern",20,"Male"
"2",3.64698323656576,"Eastern",18,"Female"
"2",4.48208563604663,"Southern",18,"Male"
"1",3.78193500244452,"Western",20,"Female"
"1",2.73074227883528,"Eastern",23,"Male"
"2",4.36830960324464,"Western",30,"Female"
"1",2.65739271096356,"Western",31,"Female"
"6",4.47512361999526,"Southern",21,"Male"
"6",4.67670563778384,"Western",19,"Male"
"2",3.15579649215843,"Eastern",21,"Male"
"6",2.89734876054375,"Western",24,"Female"
"6",3.63753342836458,"Southern",21,"Female"
"1",2.73630317846257,"Southern",28,"Female"
"3",3.81397566835172,"Western",19,"Female"
"1",3.66343985583342,"Western",27,"Male"
"1",3.55702654435075,"Western",62,"Female"
"6",4.34663224216226,"Eastern",18,"Female"
"9",3.60446291321188,"Western",64,"Female"
"4",2.92411002347661,"Western",20,"Female"
"6",4.46741690403129,"Eastern",49,"Female"
"4",5.22205063231711,"Southern",21,"Female"
"2",2.33483505972719,"Eastern",24,"Female"
"1",1.08303350228296,"Western",36,"Female"
"3",2.90210726233383,"Southern",20,"Female"
"5",2.52661678200911,"Western",19,"Male"
"7",4.52710868905405,"Western",20,"Male"
"3",2.54249593328694,"Eastern",19,"Male"
"3",3.80183891140255,"Southern",23,"Female"
"4",2.61051094582541,"Eastern",36,"Female"
"2",2.16823099542481,"Western",24,"Male"
"1",4.23175191863207,"Western",23,"Female"
"6",3.6395165336105,"Western",19,"Female"
"4",3.48559881475274,"Western",19,"Female"
"3",3.03487104227871,"Eastern",24,"Female"
"4",2.69951450737043,"Western",26,"Female"
"4",4.0057165771215,"Eastern",21,"Female"
"5",2.31725731405315,"Eastern",24,"Male"
"4",3.07075787308536,"Southern",24,"Female"
"4",5.22205063231711,"Southern",23,"Female"
"4",3.37330105568897,"Western",54,"Female"
"1",3.78193500244452,"Western",23,"Female"
"1",4.05208723031146,"Southern",22,"Female"
"6",3.63753342836458,"Southern",21,"Female"
"1",1.84458722963882,"Eastern",21,"Male"
"9",4.19985172541238,"Southern",18,"Male"
"1",3.950873072547,"Southern",20,"Female"
"1",3.33899042656559,"Eastern",57,"Female"
"6",4.92289809269371,"Eastern",19,"Male"
"5",3.55141264741355,"Western",23,"Female"
"9",3.11661173390806,"Eastern",40,"Male"
"2",2.6905696944603,"Southern",25,"Female"
"3",3.5566675169908,"Eastern",23,"Female"
"7",5.19168849499945,"Western",35,"Male"
"1",3.54601644148917,"Southern",20,"Female"
"3",1.61677633558856,"Southern",29,"Female"
"1",5.16544296663144,"Southern",29,"Female"
"2",4.25695822941957,"Eastern",21,"Male"
"9",3.30063531908231,"Western",40,"Male"
"5",3.43934358633841,"Southern",18,"Female"
"5",3.87669099999664,"Southern",18,"Female"
"6",3.27528327791125,"Southern",24,"Male"
"3",3.09629508672837,"Eastern",52,"Male"
"3",3.76305887706549,"Western",21,"Male"
"4",4.24915280166095,"Western",69,"Male"
"1",2.63772375672767,"Eastern",27,"Female"
"3",2.93051174752414,"Eastern",29,"Female"
"2",4.46894971803655,"Western",18,"Female"
"1",5.32591265987682,"Eastern",24,"Female"
"1",3.44457231429177,"Western",21,"Female"
"3",4.60026046547573,"Eastern",20,"Female"
"1",4.0402570974554,"Eastern",21,"Female"
"1",5.06422880886698,"Southern",22,"Female"
"3",5.09355223292507,"Western",23,"Female"
"4",2.1380257160943,"Western",20,"Female"
"1",2.28766475373859,"Eastern",19,"Male"
"3",3.67330581884371,"Southern",23,"Female"
"1",3.66948077339763,"Western",18,"Female"
"6",4.91180414390048,"Western",18,"Female"
"4",4.88237282854969,"Southern",23,"Female"
"5",4.40846253341463,"Eastern",22,"Male"
"2",3.07109174319698,"Eastern",31,"Male"
"7",4.50856312337111,"Southern",24,"Female"
"6",4.48770827412189,"Western",19,"Female"
"8",4.77674577493992,"Southern",47,"Male"
"3",2.74766186438065,"Western",62,"Female"
"1",3.03994565175595,"Southern",25,"Female"
"1",3.10720962715111,"Western",22,"Female"
"3",3.24358963178785,"Eastern",18,"Female"
"4",2.51085339989998,"Eastern",20,"Female"
"2",1.84031501738659,"Southern",19,"Male"
"4",3.73957114810787,"Western",21,"Male"
"3",3.98237373163657,"Eastern",57,"Male"
"1",4.31714409546762,"Western",23,"Male"
"3",3.9303720039614,"Southern",22,"Female"
"9",5.04093693302745,"Southern",27,"Female"
"1",2.93873149399149,"Southern",21,"Female"
"1",2.93873149399149,"Southern",26,"Female"
"1",3.53269900672992,"Western",23,"Male"
"1",3.74115723601751,"Southern",40,"Male"
"5",3.77907413651167,"Western",42,"Female"
"2",3.07109174319698,"Eastern",31,"Male"
"2",3.96957151976265,"Southern",20,"Female"
"1",4.7940230648786,"Western",20,"Female"
"7",4.35115323760108,"Western",18,"Female"
"1",3.84965891478255,"Southern",23,"Female"
"2",4.60907243183827,"Southern",27,"Female"
"1",3.66343985583342,"Western",30,"Male"
"1",2.4324842518577,"Western",19,"Female"
"2",3.03337271586414,"Southern",22,"Male"
"1",3.79418070376026,"Western",71,"Male"
"1",3.10523486995295,"Eastern",24,"Female"
"3",4.24050118955628,"Western",22,"Female"
"1",4.86180049333806,"Southern",19,"Female"
"6",4.34663224216226,"Eastern",23,"Female"
"6",3.0033727279884,"Western",35,"Female"
"6",5.00838599372155,"Southern",26,"Male"
"3",3.76538610649994,"Eastern",22,"Female"
"4",4.38398087917746,"Western",33,"Female"
"1",5.2090348815705,"Eastern",57,"Female"
"5",5.07939638583471,"Southern",20,"Female"
"5",2.67398561415856,"Southern",39,"Female"
"5",4.01013772934263,"Eastern",21,"Male"
"2",3.28912464239453,"Eastern",22,"Female"
"1",5.06422880886698,"Southern",22,"Female"
"1",2.28766475373859,"Eastern",34,"Male"
"1",4.34420614767896,"Western",25,"Female"
"1",3.34358812504933,"Southern",23,"Female"
"2",4.09747170217778,"Southern",23,"Female"
"5",3.61485417523931,"Eastern",19,"Female"
"5",3.32375115729095,"Western",38,"Female"
"3",1.1481911579442,"Western",25,"Female"
"1",3.72766670905669,"Eastern",19,"Male"
"5",5.03121232757583,"Western",21,"Female"
"6",4.82977088637718,"Eastern",20,"Female"
"7",4.2429601789371,"Eastern",19,"Male"
"5",4.0067356256098,"Western",20,"Female"
"3",3.70734428805058,"Western",23,"Female"
"4",4.27168312112437,"Western",26,"Female"
"2",2.1789689636487,"Southern",18,"Female"
"1",2.73630317846257,"Southern",28,"Female"
"1",2.65739271096356,"Western",21,"Female"
"3",3.87161390114765,"Eastern",30,"Male"
"2",3.58587097251728,"Southern",23,"Female"
"1",2.87899476709573,"Western",57,"Male"
"1",1.512279086564,"Eastern",32,"Male"
"3",4.027238428954,"Western",22,"Female"
"1",2.22529052628487,"Western",20,"Male"
"3",3.80183891140255,"Southern",21,"Female"
"3",3.70734428805058,"Western",19,"Female"
"3",4.18743818907909,"Southern",21,"Female"
"1",3.44480228281378,"Southern",22,"Female"
"3",4.027238428954,"Western",22,"Female"
"3",3.81397566835172,"Western",30,"Female"
"3",4.53617288408116,"Eastern",53,"Male"
"5",5.40740694534036,"Southern",25,"Female"
"2",1.88522525621204,"Eastern",40,"Male"
"1",4.47337711056051,"Southern",22,"Male"
"9",4.14693552766889,"Western",43,"Male"
"2",3.28912464239453,"Eastern",20,"Female"
"5",3.54868044049099,"Southern",23,"Female"
"2",3.64698323656576,"Eastern",19,"Female"
"7",4.35989269729822,"Eastern",24,"Male"
"1",1.96380883043119,"Western",19,"Male"
"1",1.93645708583785,"Eastern",27,"Female"
"1",3.74844475701809,"Southern",21,"Female"
"5",3.98602785316519,"Southern",20,"Female"
"4",3.52366161246096,"Southern",19,"Female"
"4",3.40777130605351,"Eastern",36,"Female"
"2",2.55678753517857,"Western",18,"Female"
"4",3.9347898469651,"Western",21,"Female"
"5",5.07939638583471,"Southern",26,"Female"
"3",3.03064035489267,"Southern",25,"Female"
"5",4.86072267949761,"Southern",18,"Female"
"6",6.28025459693485,"Southern",21,"Female"
"3",3.67330581884371,"Southern",23,"Female"
"2",4.09747170217778,"Southern",23,"Female"
"2",2.81697749631264,"Eastern",35,"Male"
"4",2.81181226542352,"Western",19,"Female"
"3",3.45230822129699,"Eastern",18,"Female"
"3",3.9303720039614,"Southern",19,"Female"
"1",2.5092035167854,"Eastern",22,"Male"
"1",4.15956859289922,"Southern",38,"Male"
"7",4.12602766057598,"Eastern",46,"Male"
"1",3.9249215516871,"Western",32,"Male"
"3",4.13386980925514,"Western",21,"Female"
"2",2.21554886202797,"Eastern",19,"Female"
"3",2.32113634221641,"Western",22,"Female"
"3",4.32028158381259,"Southern",20,"Male"
"3",4.027238428954,"Western",22,"Female"
"3",3.70734428805058,"Western",35,"Female"
"5",4.97005953266616,"Southern",24,"Female"
"3",3.92060704865286,"Western",37,"Female"
"1",1.44084543872383,"Western",29,"Male"
"2",4.77087006241231,"Western",18,"Female"
"6",5.0790177020319,"Southern",22,"Female"
"6",5.00560405934943,"Western",19,"Male"
"6",4.16963637083373,"Western",23,"Female"
"1",4.55815802004468,"Southern",20,"Female"
"6",3.32144463032234,"Western",23,"Female"
"7",4.74863529070356,"Western",35,"Male"
"2",5.12067316264988,"Southern",20,"Female"
"1",4.39089043237437,"Eastern",20,"Female"
"5",4.40846253341463,"Eastern",24,"Male"
"7",4.19481878657978,"Western",20,"Male"
"2",3.7137711549324,"Southern",23,"Female"
"2",3.76446891358736,"Western",36,"Female"
"5",3.32375115729095,"Western",20,"Female"
"3",3.87161390114765,"Eastern",30,"Male"
"2",5.27407063727767,"Western",23,"Female"
"2",4.00284398253523,"Eastern",69,"Male"
"7",4.62916506324254,"Southern",26,"Female"
"3",3.38745014618749,"Western",24,"Female"
"3",3.06755600528407,"Western",22,"Female"
"6",4.2381518752755,"Southern",29,"Female"
"2",4.00284398253523,"Eastern",35,"Male"
"2",3.7137711549324,"Southern",23,"Female"
"6",3.86185470708779,"Eastern",20,"Male"
"3",2.74766186438065,"Western",19,"Female"
"4",3.97656535081753,"Southern",21,"Female"
"1",3.219663856198,"Western",35,"Female"
"5",4.0067356256098,"Western",20,"Female"
"7",5.10179947316944,"Eastern",18,"Female"
"1",3.27121731087624,"Western",25,"Male"
"3",2.89166873943677,"Southern",25,"Male"
"9",2.84427542732649,"Western",19,"Female"
"7",3.30871237898487,"Western",42,"Male"
"4",4.04708760501819,"Western",19,"Female"
"1",2.84151165986023,"Eastern",24,"Male"
"6",3.10939669543304,"Western",18,"Female"
"3",2.51307456756662,"Eastern",18,"Female"
"3",4.44450437419679,"Southern",25,"Female"
"1",3.45586820487191,"Eastern",29,"Female"
"7",5.83518445218804,"Southern",23,"Female"
"6",4.4406056442175,"Eastern",19,"Male"
"6",5.01782811134513,"Western",19,"Female"
"6",3.15703866975473,"Southern",23,"Female"
"4",3.73957114810787,"Western",23,"Male"
"9",3.72378542385164,"Western",18,"Male"
"2",2.81197985159765,"Eastern",47,"Female"
"6",5.19914139141408,"Southern",20,"Female"
"2",2.43476932963005,"Southern",21,"Female"
"4",4.54269502478227,"Southern",23,"Female"
"5",3.91055652854869,"Eastern",23,"Male"
"1",2.5092035167854,"Eastern",23,"Male"
"1",3.219663856198,"Western",23,"Female"
"5",1.90862764099468,"Southern",44,"Female"
"2",4.46894971803655,"Western",19,"Female"
"7",2.75489587386422,"Western",19,"Male"
"5",4.0922347742203,"Western",18,"Male"
"2",3.01833227680414,"Western",26,"Male"
"1",2.5092035167854,"Eastern",24,"Male"
"7",3.66434955186906,"Southern",24,"Female"
"3",3.20705491721729,"Eastern",21,"Male"
"4",3.97656535081753,"Southern",24,"Female"
"3",3.54103821362175,"Southern",22,"Male"
"4",4.41901335360968,"Western",33,"Male"
"6",3.99790449651113,"Southern",23,"Female"
"2",2.2896740365587,"Western",21,"Male"
"5",3.65801729365954,"Southern",54,"Female"
"2",3.32520599008132,"Eastern",26,"Male"
"1",4.2815136141814,"Eastern",20,"Male"
"6",3.21542066287769,"Western",21,"Female"
"1",4.05208723031146,"Southern",21,"Female"
"4",3.52366161246096,"Southern",21,"Female"
"5",3.77907413651167,"Western",34,"Female"
"2",2.77771749492615,"Southern",22,"Male"
"3",1.57471667914876,"Western",22,"Female"
"3",3.98237373163657,"Eastern",47,"Male"
"3",4.05890509652025,"Southern",31,"Female"
"1",3.92337931914909,"Eastern",26,"Female"
"3",2.13090870582395,"Southern",21,"Female"
"1",3.72766670905669,"Eastern",20,"Male"
"5",2.92974069845408,"Eastern",49,"Female"
"9",3.08906026717368,"Western",33,"Male"
"2",2.93126604929687,"Eastern",24,"Female"
"1",3.33211808524488,"Western",59,"Female"
"2",2.93126604929687,"Eastern",18,"Female"
"6",4.92289809269371,"Eastern",21,"Male"
"5",3.91055652854869,"Eastern",20,"Male"
"4",3.82249208891201,"Western",24,"Female"
"2",3.9657491431712,"Western",36,"Female"
"1",2.83751733622703,"Southern",22,"Female"
"3",3.87161390114765,"Eastern",18,"Male"
"2",3.76446891358736,"Western",18,"Female"
"7",5.35560511063878,"Southern",28,"Male"
"5",3.4778314788957,"Eastern",18,"Female"
"1",4.15330138807592,"Southern",20,"Female"
"2",2.90168224527409,"Eastern",31,"Male"
"3",2.51650798465729,"Southern",28,"Female"
"3",4.26533256277787,"Western",19,"Male"
"1",2.59052600270993,"Southern",29,"Male"
"1",3.1404764629494,"Western",29,"Male"
"4",4.63475318472911,"Southern",21,"Male"
"5",3.41265052457898,"Eastern",23,"Male"
"1",3.84965891478255,"Southern",54,"Female"
"3",4.05890509652025,"Southern",31,"Female"
"1",3.54601644148917,"Southern",27,"Female"
"5",3.77907413651167,"Western",20,"Female"
"7",4.22296055310753,"Western",24,"Female"
"1",1.30794196037673,"Western",29,"Female"
"3",4.05890509652025,"Southern",21,"Female"
"4",3.82249208891201,"Western",21,"Female"
"3",2.65805676759415,"Western",56,"Male"
"1",4.55815802004468,"Southern",21,"Female"
"1",2.54493848191667,"Western",22,"Female"
"8",4.51273965049163,"Western",18,"Female"
"4",4.39718316939893,"Eastern",26,"Male"
"6",4.95889401264972,"Southern",47,"Female"
"6",4.72998111365047,"Eastern",21,"Male"
"2",4.09747170217778,"Southern",23,"Female"
"4",4.54269502478227,"Southern",25,"Female"
"6",4.12854160348568,"Western",19,"Male"
"9",4.2527230536232,"Western",43,"Male"
"3",3.15917344745152,"Southern",24,"Female"
"1",3.17381980293505,"Eastern",55,"Male"
"2",2.45412125742641,"Eastern",20,"Female"
"1",1.21809081017384,"Southern",35,"Female"
"3",3.97410469600908,"Eastern",21,"Female"
"6",4.69975620901119,"Western",21,"Female"
"3",2.721793158015,"Eastern",19,"Female"
"7",5.72074377632349,"Southern",19,"Male"
"5",1.42102650601143,"Eastern",46,"Male"
"7",3.17758302434891,"Eastern",26,"Female"
"1",1.64530464852948,"Western",19,"Female"
"6",5.11523686620906,"Western",43,"Male"
"4",3.41043567685279,"Southern",20,"Female"
"3",2.53439910281869,"Western",19,"Female"
"5",5.40740694534036,"Southern",25,"Female"
"7",5.41321509664896,"Western",19,"Male"
"5",5.691731904609,"Southern",25,"Male"
"5",2.91474451971303,"Eastern",32,"Male"
"1",3.40195815880308,"Western",24,"Male"
"5",4.0067356256098,"Western",21,"Female"
"3",2.64504107721613,"Southern",22,"Female"
"4",4.24915280166095,"Western",23,"Male"
"4",3.82249208891201,"Western",22,"Female"
"7",3.78495149065507,"Southern",21,"Female"
"6",3.10939669543304,"Western",20,"Female"
"5",5.25887381667395,"Western",22,"Female"
"1",2.17021264245049,"Eastern",27,"Female"
"4",4.08979128540667,"Southern",25,"Female"
"6",2.26120495492165,"Western",18,"Female"
"2",4.11131963826529,"Western",35,"Male"
"3",3.92060704865286,"Western",33,"Female"
"1",4.34420614767896,"Western",35,"Female"
"2",3.20380952982279,"Southern",40,"Male"
"4",3.90605903209299,"Eastern",23,"Female"
"5",2.98225892364376,"Western",29,"Female"
"1",2.28709042075681,"Eastern",22,"Female"
"4",4.42946908917409,"Southern",36,"Female"
"6",5.54794794952258,"Western",56,"Female"
"4",3.47167929311193,"Eastern",20,"Male"
"1",1.64530464852948,"Western",31,"Female"
"3",4.96965105916643,"Southern",32,"Male"
"7",2.95670247591237,"Eastern",37,"Male"
"3",3.9303720039614,"Southern",21,"Female"
"2",2.6905696944603,"Southern",21,"Female"
"2",3.7137711549324,"Southern",21,"Female"
"4",2.71016849085393,"Eastern",26,"Female"
"2",3.7137711549324,"Southern",21,"Female"
"5",3.22066988000131,"Southern",63,"Female"
"1",3.57274598423013,"Eastern",19,"Female"
"7",4.16890444552033,"Southern",36,"Male"
"3",3.02154263427377,"Southern",35,"Male"
"5",4.97005953266616,"Southern",19,"Female"
"1",5.36787128307128,"Southern",52,"Female"
"7",3.54136506877037,"Eastern",33,"Male"
"3",4.56039533141938,"Western",23,"Female"
"6",4.45744002406457,"Western",26,"Male"
"1",4.99639130760409,"Southern",41,"Male"
"6",4.05477168613103,"Eastern",25,"Male"
"1",2.88230116905733,"Western",36,"Female"
"4",3.59789657280583,"Western",24,"Female"
"1",3.44457231429177,"Western",26,"Female"
"1",3.53195155663522,"Southern",27,"Male"
"7",4.2429601789371,"Eastern",46,"Male"
"3",3.36123992759149,"Western",42,"Male"
"3",4.05890509652025,"Southern",24,"Female"
"8",2.66767880384244,"Eastern",25,"Male"
"7",3.19741907600542,"Western",18,"Female"
"6",4.72998111365047,"Eastern",19,"Male"
"9",4.38783172814417,"Southern",60,"Male"
"1",3.45586820487191,"Eastern",22,"Female"
"6",4.2381518752755,"Southern",29,"Female"
"6",4.83877032326753,"Southern",21,"Female"
"7",2.94103370701833,"Western",19,"Female"
"1",4.15956859289922,"Southern",38,"Male"
"6",3.98427825981637,"Eastern",18,"Female"
"2",3.07109174319698,"Eastern",22,"Male"
"4",3.1839838076745,"Southern",20,"Female"
"1",4.15713487576173,"Eastern",24,"Female"
"3",3.76085407065873,"Eastern",22,"Male"
"1",3.64723059925363,"Southern",21,"Female"
"3",4.31597128163794,"Southern",22,"Female"
"1",4.39089043237437,"Eastern",24,"Female"
"1",2.27671748504864,"Southern",22,"Male"
"4",3.22486748643669,"Southern",21,"Male"
"3",3.70734428805058,"Western",28,"Female"
"3",1.75396413240778,"Western",23,"Male"
"2",4.09747170217778,"Southern",20,"Female"
"6",4.59373224156654,"Western",21,"Female"
"5",4.0067356256098,"Western",20,"Female"
"4",3.37330105568897,"Western",19,"Female"
"1",2.32003002281081,"Western",30,"Female"
"3",3.8007860044646,"Southern",31,"Male"
"1",1.5328504194826,"Western",54,"Female"
"5",3.81097532775475,"Eastern",39,"Male"
"7",5.24850203020964,"Western",36,"Female"
"5",5.41698846010423,"Western",58,"Male"
"5",3.51223172537292,"Eastern",27,"Male"
"1",3.83843609008163,"Eastern",31,"Male"
"3",4.2038933926144,"Eastern",22,"Male"
"6",4.47839925512098,"Southern",25,"Female"
"2",2.16823099542481,"Western",35,"Male"
"2",2.33483505972719,"Eastern",24,"Female"
"5",4.16294495568093,"Eastern",22,"Female"
"5",3.66524339196261,"Western",20,"Female"
"1",3.34358812504933,"Southern",48,"Female"
"3",3.06755600528407,"Western",22,"Female"
"8",3.87046697317547,"Eastern",27,"Male"
"1",3.64723059925363,"Southern",24,"Female"
"9",4.88744821030117,"Western",29,"Male"
"9",4.58184682335669,"Western",21,"Female"
"6",2.92258072704303,"Western",36,"Male"
"1",3.94920547110657,"Eastern",55,"Male"
"1",3.74115723601751,"Southern",26,"Male"
"2",3.86843355818348,"Western",21,"Male"
"2",3.28912464239453,"Eastern",22,"Female"
"1",2.98835709164663,"Eastern",40,"Female"
"6",4.27566033827838,"Western",19,"Female"
"6",4.59373224156654,"Western",20,"Female"
"3",3.76538610649994,"Eastern",18,"Female"
"5",4.10971893013657,"Eastern",21,"Male"
"5",3.32375115729095,"Western",20,"Female"
"4",4.39718316939893,"Eastern",18,"Male"
"1",2.98835709164663,"Eastern",26,"Female"
"1",4.56911460678482,"Western",21,"Female"
"5",3.87669099999664,"Southern",19,"Female"
"1",3.83843609008163,"Eastern",18,"Male"
"4",3.14505921819825,"Western",27,"Male"
"2",2.81846987687543,"Southern",35,"Female"
"1",3.84965891478255,"Southern",54,"Female"
"6",4.7417548068584,"Southern",21,"Male"
"4",5.40092220931451,"Eastern",24,"Female"
"1",3.44480228281378,"Southern",24,"Female"
"5",5.2051121406624,"Eastern",52,"Male"
"1",3.66948077339763,"Western",21,"Female"
"7",4.16890444552033,"Southern",36,"Male"
"4",2.85467670753235,"Eastern",22,"Male"
"9",1.58807337149909,"Eastern",19,"Male"
"3",3.80183891140255,"Southern",20,"Female"
"1",4.7940230648786,"Western",22,"Female"
"1",4.72459113927809,"Eastern",27,"Male"
"4",3.10879867096798,"Eastern",28,"Female"
"1",3.79418070376026,"Western",29,"Male"
"1",3.40195815880308,"Western",31,"Male"
"7",3.87030094611826,"Eastern",22,"Female"
"6",2.79666760160818,"Southern",71,"Female"
"6",5.79975983940612,"Southern",22,"Female"
"2",2.1789689636487,"Southern",18,"Female"
"9",5.88502536989065,"Western",22,"Female"
"1",3.39535856498494,"Eastern",26,"Male"
"1",4.0068434605383,"Western",29,"Female"
"3",2.95942097902158,"Western",19,"Male"
"9",5.70606046706938,"Southern",25,"Female"
"7",3.08718577733535,"Western",20,"Male"
"2",3.7487297356509,"Eastern",26,"Male"
"1",3.44457231429177,"Western",38,"Female"
"4",2.27817632994234,"Southern",20,"Female"
"3",3.05987571616406,"Western",20,"Male"
"2",3.07427024170568,"Southern",25,"Female"
"5",2.79271800334368,"Eastern",23,"Female"
"5",3.14629627927316,"Southern",24,"Male"
"5",4.0067356256098,"Western",21,"Female"
"6",4.58820156481325,"Eastern",22,"Female"
"1",4.05208723031146,"Southern",22,"Female"
"3",1.87384252070625,"Southern",24,"Female"
"3",3.76305887706549,"Western",19,"Male"
"6",3.6395165336105,"Western",23,"Female"
"6",4.63352262326073,"Eastern",20,"Male"
"1",1.82537575767152,"Southern",22,"Female"
"6",3.27716235913692,"Southern",19,"Female"
"1",3.80650154084277,"Eastern",21,"Female"
"3",3.65009424016981,"Eastern",37,"Male"
"4",4.80297693824652,"Eastern",20,"Female"
"5",4.0067356256098,"Western",20,"Female"
"1",3.72766670905669,"Eastern",28,"Male"
"3",4.18743818907909,"Southern",21,"Female"
"9",4.99323573625548,"Western",36,"Male"
"2",2.55678753517857,"Western",33,"Female"
"3",4.70990326832357,"Southern",23,"Male"
"4",4.76914689396055,"Southern",20,"Female"
"3",4.18743818907909,"Southern",22,"Female"
"3",4.45376395015856,"Western",21,"Female"
"5",2.67398561415856,"Southern",19,"Female"
"3",3.05987571616406,"Western",59,"Male"
"2",3.64698323656576,"Eastern",18,"Female"
"5",4.91738158302677,"Western",18,"Female"
"7",3.42314567321163,"Southern",25,"Female"
"6",5.67963615002393,"Southern",21,"Female"
"3",3.97410469600908,"Eastern",22,"Female"
"4",3.82249208891201,"Western",19,"Female"
"3",3.36123992759149,"Western",42,"Male"
"1",2.59052600270993,"Southern",52,"Male"
"1",2.93873149399149,"Southern",37,"Female"
"1",4.05997485213151,"Eastern",60,"Male"
"3",4.97921220703368,"Eastern",21,"Male"
"9",4.03885576173073,"Western",20,"Female"
"3",3.66102681174537,"Eastern",19,"Female"
"2",3.76446891358736,"Western",30,"Female"
"5",2.78332246732711,"Southern",19,"Female"
"1",1.83306798250435,"Western",27,"Male"
"1",3.33211808524488,"Western",19,"Female"
"6",3.53349256616585,"Western",19,"Female"
"3",2.76179484459978,"Southern",33,"Male"
"6",4.80578017645584,"Western",20,"Female"
"6",5.0790177020319,"Southern",21,"Female"
"1",3.95036291445837,"Southern",21,"Male"
"2",3.88555678642437,"Southern",37,"Male"
"2",3.2021704241208,"Southern",39,"Female"
"8",4.62227801241859,"Western",18,"Female"
"3",4.027238428954,"Western",22,"Female"
"4",3.71019433085892,"Western",19,"Female"
"6",4.78633844563016,"Western",27,"Male"
"4",4.2429325233511,"Eastern",18,"Male"
"6",3.10939669543304,"Western",18,"Female"
"2",3.66382879879544,"Western",21,"Female"
"3",3.67330581884371,"Southern",23,"Female"
"5",3.88889956546012,"Eastern",20,"Female"
"5",3.21348812209486,"Eastern",18,"Male"
"4",4.40434675813247,"Eastern",56,"Female"
"4",4.60857639629431,"Western",20,"Female"
"5",2.91489304089026,"Southern",71,"Male"
"4",3.59789657280583,"Western",19,"Female"
"6",3.27528327791125,"Southern",21,"Male"
"4",3.56971059615914,"Western",20,"Male"
"6",4.16963637083373,"Western",18,"Female"
"1",1.93645708583785,"Eastern",23,"Female"
"2",2.85870787955433,"Western",23,"Female"
"5",4.42337526583938,"Southern",24,"Female"
"1",3.22211264825927,"Eastern",25,"Female"
"1",2.75460153503399,"Eastern",54,"Female"
"4",3.9347898469651,"Western",19,"Female"
"3",3.06755600528407,"Western",23,"Female"
"1",3.92337931914909,"Eastern",27,"Female"
"3",3.92060704865286,"Western",26,"Female"
"4",3.82249208891201,"Western",19,"Female"
"3",3.15917344745152,"Southern",24,"Female"
"1",3.74844475701809,"Southern",22,"Female"
"1",3.40195815880308,"Western",28,"Male"
"2",4.77087006241231,"Western",68,"Female"
"7",3.83838249962689,"Western",21,"Female"
"1",2.63508902069811,"Southern",49,"Female"
"3",3.28081876588635,"Western",25,"Female"
"1",3.00893736053307,"Southern",27,"Male"
"1",1.81957930753153,"Eastern",23,"Female"
"1",2.76984694001045,"Western",21,"Female"
"1",4.2815136141814,"Eastern",19,"Male"
"5",3.84050599546317,"Southern",52,"Male"
"5",4.91738158302677,"Western",18,"Female"
"5",3.01432572050698,"Eastern",55,"Male"
"4",3.50742885197894,"Eastern",20,"Female"
"1",3.57274598423013,"Eastern",19,"Female"
"6",4.15123017565265,"Eastern",42,"Male"
"3",3.09629508672837,"Eastern",26,"Male"
"5",4.93525984744967,"Western",25,"Male"
"4",4.16422252606877,"Western",18,"Male"
"2",2.73227274658885,"Eastern",22,"Male"
"4",2.95753193849622,"Southern",27,"Female"
"1",4.45666037672585,"Western",62,"Female"
"3",4.18743818907909,"Southern",28,"Female"
"1",4.23175191863207,"Western",26,"Female"
"1",2.69512884287178,"Southern",27,"Male"
"1",2.61997289781034,"Eastern",29,"Male"
"7",3.66434955186906,"Southern",26,"Female"
"2",3.66382879879544,"Western",18,"Female"
"5",3.81097532775475,"Eastern",39,"Male"
"2",1.97697646662953,"Eastern",28,"Female"
"1",2.48677222331521,"Western",26,"Male"
"5",4.0067356256098,"Western",20,"Female"
"4",3.308113761025,"Eastern",25,"Female"
"6",5.01782811134513,"Western",19,"Female"
"5",1.95778222167773,"Western",22,"Female"
"3",2.95942097902158,"Western",29,"Male"
"3",2.95942097902158,"Western",21,"Male"
"6",4.06361240338909,"Western",38,"Female"
"5",4.8035508384777,"Western",21,"Female"
"5",3.73093831472939,"Western",19,"Male"
"4",3.9347898469651,"Western",22,"Female"
"2",3.45797078895105,"Southern",21,"Female"
"1",2.5092035167854,"Eastern",23,"Male"
"4",3.50742885197894,"Eastern",19,"Female"
"6",3.21542066287769,"Western",28,"Female"
"4",2.27817632994234,"Southern",23,"Female"
"1",3.78193500244452,"Western",54,"Female"
"3",2.50204705492579,"Southern",27,"Male"
"1",2.53387486202273,"Southern",20,"Female"
"2",4.3542057183471,"Western",20,"Male"
"3",2.51650798465729,"Southern",35,"Female"
"6",4.80578017645584,"Western",19,"Female"
"4",2.81181226542352,"Western",22,"Female"
"6",3.94186124506912,"Southern",40,"Male"
"3",3.28081876588635,"Western",29,"Female"
"7",3.32561176049897,"Western",26,"Female"
"1",3.10720962715111,"Western",22,"Female"
"1",1.23068909190291,"Southern",38,"Male"
"3",3.34794892654242,"Eastern",42,"Female"
"2",3.50410443806075,"Western",24,"Male"
"1",3.68962376253645,"Eastern",20,"Female"
"1",2.4859231634895,"Southern",58,"Male"
"2",3.91813923357379,"Eastern",24,"Male"
"2",3.49461548800421,"Eastern",25,"Male"
"4",2.31153830984296,"Eastern",23,"Female"
"6",4.34414715469588,"Eastern",22,"Male"
"2",3.49461548800421,"Eastern",20,"Male"
"4",3.6368875470501,"Southern",20,"Female"
"5",4.42337526583938,"Southern",38,"Female"
"1",2.53387486202273,"Southern",29,"Female"
"3",2.85429324468179,"Western",22,"Female"
"5",3.41265052457898,"Eastern",20,"Male"
"1",3.54601644148917,"Southern",31,"Female"
"6",4.48770827412189,"Western",20,"Female"
"2",4.23276267830619,"Western",31,"Male"
"1",2.87147931334031,"Eastern",25,"Female"
"5",3.75187687034971,"Eastern",18,"Female"
"2",2.21554886202797,"Eastern",45,"Female"
"4",4.50400430316098,"Eastern",19,"Female"
"6",5.54794794952258,"Western",20,"Female"
"3",2.76179484459978,"Southern",20,"Male"
"3",3.86974540125451,"Eastern",45,"Female"
"3",4.70157056047128,"Southern",23,"Female"
"1",4.56911460678482,"Western",19,"Female"
"1",3.55702654435075,"Western",21,"Female"
"1",4.45694386228022,"Southern",39,"Female"
"3",3.87161390114765,"Eastern",25,"Male"
"6",3.50113961668851,"Eastern",22,"Female"
"6",4.12854160348568,"Western",38,"Male"
"2",3.83343448461234,"Eastern",20,"Male"
"6",5.01935658221532,"Eastern",30,"Male"
"2",4.00284398253523,"Eastern",51,"Male"
"1",1.62304846758894,"Eastern",23,"Male"
"3",5.08716983814782,"Southern",23,"Female"
"9",2.66549574050921,"Southern",22,"Female"
"3",3.53933440868405,"Eastern",38,"Male"
"1",2.5092035167854,"Eastern",24,"Male"
"7",4.94455529015622,"Eastern",21,"Male"
"5",4.86072267949761,"Southern",18,"Female"
"2",4.60907243183827,"Southern",21,"Female"
"5",4.57588934937958,"Western",20,"Female"
"3",4.027238428954,"Western",22,"Female"
"1",3.55702654435075,"Western",22,"Female"
"3",2.98553525623946,"Eastern",21,"Male"
"1",2.76984694001045,"Western",20,"Female"
"6",4.27566033827838,"Western",18,"Female"
"4",4.40434675813247,"Eastern",46,"Female"
"4",4.60857639629431,"Western",20,"Female"
"6",3.27716235913692,"Southern",20,"Female"
"3",4.31597128163794,"Southern",23,"Female"
"6",3.21542066287769,"Western",20,"Female"
"7",4.47934592209463,"Western",18,"Female"
"5",3.75187687034971,"Eastern",21,"Female"
"3",3.81397566835172,"Western",58,"Female"
"6",3.53349256616585,"Western",49,"Female"
"1",3.89438923149141,"Western",19,"Female"
"2",3.9657491431712,"Western",19,"Female"
"3",3.15141652911076,"Southern",23,"Male"
"5",3.73093831472939,"Western",18,"Male"
"5",2.92974069845408,"Eastern",32,"Female"
"2",3.86843355818348,"Western",24,"Male"
"5",5.11322380761043,"Southern",23,"Male"
"9",4.85090163783123,"Southern",27,"Female"
"3",1.54565745788983,"Eastern",25,"Male"
"3",3.15141652911076,"Southern",26,"Male"
"4",4.60857639629431,"Western",20,"Female"
"1",3.219663856198,"Western",20,"Female"
"5",2.68348980250736,"Southern",18,"Male"
"5",4.31403841267083,"Southern",33,"Female"
"3",4.45015547864958,"Southern",27,"Male"
"6",4.20849243193227,"Southern",21,"Male"
"2",3.8855556319642,"Eastern",21,"Female"
"5",2.98225892364376,"Western",20,"Female"
"3",3.31781474770621,"Eastern",19,"Male"
"7",2.68464833803123,"Western",18,"Female"
"1",3.03994565175595,"Southern",20,"Female"
"2",4.36830960324464,"Western",30,"Female"
"2",4.36830960324464,"Western",55,"Female"
"3",4.95863674558897,"Southern",23,"Female"
"2",3.9657491431712,"Western",36,"Female"
"3",4.13386980925514,"Western",26,"Female"
"3",3.9306598993016,"Southern",21,"Male"
"2",3.15579649215843,"Eastern",23,"Male"
"2",4.4819866204603,"Eastern",24,"Female"
"9",5.23097222822367,"Southern",30,"Female"
"6",2.31617284407945,"Southern",27,"Female"
"2",3.03337271586414,"Southern",22,"Male"
"3",2.93051174752414,"Eastern",20,"Female"
"3",4.56039533141938,"Western",19,"Female"
"4",2.69951450737043,"Western",23,"Female"
"5",2.89265932049566,"Southern",24,"Female"
"6",6.4748575226687,"Southern",19,"Male"
"1",4.56911460678482,"Western",21,"Female"
"1",2.4324842518577,"Western",21,"Female"
"1",3.54601644148917,"Southern",19,"Female"
"1",2.39843413476353,"Eastern",24,"Male"
"1",4.05208723031146,"Southern",49,"Female"
"3",4.66715151225186,"Western",21,"Male"
"3",4.027238428954,"Western",18,"Female"
"6",3.95758843594444,"Western",30,"Female"
"3",2.55760203045168,"Western",20,"Male"
"1",3.14115980952041,"Southern",20,"Female"
"1",3.34358812504933,"Southern",27,"Female"
"6",5.75999588441188,"Western",56,"Female"
"1",3.1135401997535,"Southern",20,"Male"
"6",3.32144463032234,"Western",60,"Female"
"2",4.14121200812932,"Southern",46,"Male"
"2",4.23276267830619,"Western",37,"Male"
"1",2.95228104088517,"Eastern",18,"Male"
"4",5.50695846172971,"Western",22,"Female"
"6",2.31617284407945,"Southern",20,"Female"
"6",4.45744002406457,"Western",31,"Male"
"1",3.54601644148917,"Southern",21,"Female"
"1",2.3560313742117,"Western",31,"Male"
"2",4.7369726154045,"Southern",20,"Female"
"3",4.56039533141938,"Western",18,"Female"
"2",3.56318868400352,"Western",25,"Female"
"4",3.97656535081753,"Southern",23,"Female"
"1",3.44457231429177,"Western",35,"Female"
"1",3.95036291445837,"Southern",35,"Male"
"1",3.32274587819436,"Southern",39,"Male"
"1",4.23175191863207,"Western",26,"Female"
"1",4.31714409546762,"Western",19,"Male"
"4",3.90943169929223,"Western",71,"Male"
"4",2.81181226542352,"Western",31,"Female"
"9",4.57008563243823,"Western",22,"Male"
"6",2.89734876054375,"Western",20,"Female"
"9",2.34854758454141,"Western",18,"Male"
"5",3.55141264741355,"Western",23,"Female"
"1",3.92337931914909,"Eastern",21,"Female"
"1",3.89438923149141,"Western",21,"Female"
"2",3.2021704241208,"Southern",39,"Female"
"3",3.31781474770621,"Eastern",44,"Male"
"5",3.3130693228888,"Eastern",18,"Male"
"1",3.95036291445837,"Southern",65,"Male"
"3",3.56214940278053,"Western",21,"Male"
"5",3.55141264741355,"Western",18,"Female"
"1",3.10720962715111,"Western",21,"Female"
"2",4.86487279781963,"Southern",21,"Female"
"9",2.66591016335643,"Western",29,"Male"
"4",3.80640148706448,"Eastern",30,"Female"
"4",4.20503166717853,"Eastern",46,"Female"
"3",2.64504107721613,"Southern",26,"Female"
"1",2.3560313742117,"Western",31,"Male"
"1",4.15330138807592,"Southern",22,"Female"
"3",3.45230822129699,"Eastern",39,"Female"
"2",4.06638925796312,"Western",47,"Female"
"2",3.76626943426498,"Eastern",22,"Female"
"3",4.18743818907909,"Southern",27,"Female"
"1",4.57862579132129,"Western",20,"Male"
"3",4.2038933926144,"Eastern",30,"Male"
"7",4.07761977909916,"Southern",22,"Male"
"8",2.86966421961554,"Western",23,"Female"
"3",1.98869678084234,"Eastern",19,"Male"
"3",4.31597128163794,"Southern",22,"Female"
"5",4.31403841267083,"Southern",19,"Female"
"1",3.84965891478255,"Southern",18,"Female"
"5",2.91474451971303,"Eastern",24,"Male"
"4",3.82249208891201,"Western",19,"Female"
"1",5.06422880886698,"Southern",33,"Female"
"3",3.9303720039614,"Southern",36,"Female"
"3",2.54249593328694,"Eastern",18,"Male"
"1",3.64723059925363,"Southern",21,"Female"
"1",2.61751307124205,"Western",24,"Male"
"1",2.28766475373859,"Eastern",24,"Male"
"3",3.76305887706549,"Western",18,"Male"
"4",4.24915280166095,"Western",69,"Male"
"7",3.6211964461717,"Southern",18,"Male"
"2",2.57340745619921,"Eastern",20,"Female"
"4",3.60708639700746,"Eastern",24,"Female"
"5",5.18873323900326,"Southern",18,"Female"
"3",3.15141652911076,"Southern",19,"Male"
"9",4.67587315839254,"Western",41,"Male"
"3",3.96396835135044,"Western",18,"Male"
"7",3.66434955186906,"Southern",25,"Female"
"3",3.38745014618749,"Western",24,"Female"
"1",3.74844475701809,"Southern",49,"Female"
"4",4.88237282854969,"Southern",23,"Female"
"5",2.67398561415856,"Southern",30,"Female"
"3",3.60071290774945,"Western",22,"Female"
"4",2.71016849085393,"Eastern",23,"Female"
"6",4.27566033827838,"Western",19,"Female"
"6",3.98427825981637,"Eastern",20,"Female"
"6",4.05477168613103,"Eastern",27,"Male"
"2",2.45412125742641,"Eastern",24,"Female"
"3",3.02154263427377,"Southern",35,"Male"
"3",4.2038933926144,"Eastern",30,"Male"
"1",2.95228104088517,"Eastern",18,"Male"
"3",4.31597128163794,"Southern",22,"Female"
"1",3.74115723601751,"Southern",40,"Male"
"2",3.26126833872201,"Western",18,"Female"
"6",4.71864663388535,"Southern",22,"Female"
"4",4.94546967045358,"Western",22,"Female"
"8",5.17375929778001,"Southern",21,"Female"
"2",2.69249908794682,"Southern",20,"Male"
"1",3.219663856198,"Western",36,"Female"
"1",2.22529052628487,"Western",23,"Male"
"3",3.05987571616406,"Western",59,"Male"
"6",4.47839925512098,"Southern",22,"Female"
"5",4.10971893013657,"Eastern",47,"Male"
"1",3.24237396728487,"Southern",63,"Female"
"1",1.87021310662326,"Western",31,"Female"
"3",2.95942097902158,"Western",18,"Male"
"2",1.53946805157308,"Southern",20,"Female"
"3",3.81397566835172,"Western",28,"Female"
"3",3.81397566835172,"Western",22,"Female"
"5",4.42337526583938,"Southern",19,"Female"
"4",3.03688272688995,"Southern",22,"Male"
"5",2.91474451971303,"Eastern",27,"Male"
"5",3.09608966819283,"Western",51,"Female"
"1",2.06751180660778,"Southern",46,"Male"
"3",3.80183891140255,"Southern",22,"Female"
"1",4.17074423315646,"Eastern",24,"Male"
"4",4.39718316939893,"Eastern",18,"Male"
"2",3.76446891358736,"Western",19,"Female"
"2",2.45412125742641,"Eastern",24,"Female"
"3",2.76401559526162,"Eastern",24,"Male"
"5",3.33000673316986,"Southern",19,"Female"
"4",3.82450142370005,"Western",22,"Male"
"7",3.06922639151187,"Western",19,"Female"
"6",4.5670728309242,"Western",21,"Male"
"5",4.18761085303752,"Southern",31,"Male"
"6",3.63753342836458,"Southern",22,"Female"
"3",2.95942097902158,"Western",19,"Male"
"5",3.32375115729095,"Western",22,"Female"
"6",3.40859887134283,"Southern",19,"Male"
"5",3.43934358633841,"Southern",23,"Female"
"5",4.97005953266616,"Southern",19,"Female"
"1",3.10523486995295,"Eastern",20,"Female"
"2",3.7487297356509,"Eastern",25,"Male"
"5",1.92445601510702,"Western",22,"Male"
"1",5.32591265987682,"Eastern",23,"Female"
"5",3.32375115729095,"Western",22,"Female"
"1",4.23175191863207,"Western",23,"Female"
"5",4.0067356256098,"Western",20,"Female"
"2",3.58587097251728,"Southern",23,"Female"
"4",2.25032347414739,"Western",22,"Female"
"4",2.71016849085393,"Eastern",23,"Female"
"2",3.05055224699609,"Eastern",28,"Female"
"3",3.41623963372601,"Southern",22,"Female"
"6",3.25147914762193,"Western",18,"Male"
"1",2.83751733622703,"Southern",35,"Female"
"6",4.47839925512098,"Southern",27,"Female"
"3",3.70734428805058,"Western",21,"Female"
"3",2.64504107721613,"Southern",21,"Female"
"2",2.6905696944603,"Southern",27,"Female"
"1",3.53195155663522,"Southern",20,"Male"
"1",4.23175191863207,"Western",23,"Female"
"2",3.50410443806075,"Western",23,"Male"
"4",5.33527656690625,"Southern",30,"Female"
"3",2.721793158015,"Eastern",19,"Female"
"1",1.3193049679383,"Southern",22,"Female"
"5",4.42337526583938,"Southern",39,"Female"
"1",4.23175191863207,"Western",25,"Female"
"1",3.79418070376026,"Western",42,"Male"
"1",4.65937217780914,"Southern",38,"Female"
"4",3.52366161246096,"Southern",21,"Female"
"2",3.9657491431712,"Western",33,"Female"
"3",2.93051174752414,"Eastern",20,"Female"
"5",4.42337526583938,"Southern",19,"Female"
"9",3.99574280859308,"Southern",18,"Female"
"3",3.54477272628486,"Southern",20,"Female"
"5",4.02592226057052,"Eastern",21,"Female"
"7",4.02423826191307,"Eastern",70,"Female"
"1",3.03994565175595,"Southern",22,"Female"
"6",4.06361240338909,"Western",38,"Female"
"3",3.70734428805058,"Western",25,"Female"
"1",3.10720962715111,"Western",22,"Female"
"5",5.37270456122301,"Western",20,"Female"
"2",4.08754873149668,"Eastern",20,"Male"
"4",5.67495437169271,"Southern",23,"Female"
"3",3.76085407065873,"Eastern",46,"Male"
"5",4.12056637015886,"Western",24,"Female"
"2",2.93126604929687,"Eastern",24,"Female"
"1",3.44480228281378,"Southern",30,"Female"
"2",4.00284398253523,"Eastern",69,"Male"
"7",4.99097087960056,"Southern",23,"Female"
"9",4.54324753894539,"Eastern",22,"Male"
"6",3.95758843594444,"Western",30,"Female"
"1",3.74115723601751,"Southern",20,"Male"
"3",3.9303720039614,"Southern",23,"Female"
"5",3.11133302683276,"Southern",19,"Female"
"1",4.15330138807592,"Southern",18,"Female"
"1",2.4324842518577,"Western",18,"Female"
"6",4.05477168613103,"Eastern",26,"Male"
"2",2.33483505972719,"Eastern",23,"Female"
"1",3.5061279470068,"Eastern",26,"Male"
"5",2.41310519987398,"Western",23,"Female"
"4",3.52366161246096,"Southern",19,"Female"
"6",4.48770827412189,"Western",62,"Female"
"9",4.37581339898552,"Southern",22,"Female"
"4",3.37330105568897,"Western",28,"Female"
"4",3.9347898469651,"Western",20,"Female"
"4",3.97656535081753,"Southern",23,"Female"
"6",2.05172368513082,"Eastern",18,"Female"
"5",3.75187687034971,"Eastern",22,"Female"
"4",3.9347898469651,"Western",20,"Female"
"5",3.43934358633841,"Southern",38,"Female"
"2",4.35327206700803,"Southern",36,"Female"
"1",3.00893736053307,"Southern",27,"Male"
"5",4.23439711470792,"Western",25,"Female"
"1",2.52084597842135,"Eastern",34,"Female"
"8",3.14706596369711,"Eastern",25,"Female"
"4",3.86333941622838,"Southern",30,"Female"
"3",4.18743818907909,"Southern",24,"Female"
"4",2.1649503953532,"Southern",26,"Female"
"3",3.28770654001037,"Southern",23,"Female"
"2",3.7487297356509,"Eastern",22,"Male"
"2",4.09747170217778,"Southern",23,"Female"
"4",3.14870553958279,"Western",49,"Female"
"1",2.28766475373859,"Eastern",28,"Male"
"6",4.16963637083373,"Western",18,"Female"
"3",3.86351361420796,"Western",25,"Male"
"4",4.85993510893069,"Eastern",48,"Male"
"1",3.03994565175595,"Southern",20,"Female"
"2",3.66382879879544,"Western",42,"Female"
"3",3.67091210962761,"Southern",33,"Male"
"3",5.09355223292507,"Western",21,"Female"
"1",1,"Eastern",90,"Male"
"2",2.43476932963005,"Southern",24,"Female"
"7",4.99211666122255,"Western",60,"Female"
"6",3.95758843594444,"Western",23,"Female"
"1",3.33211808524488,"Western",19,"Female"
"7",4.12602766057598,"Eastern",46,"Male"
"1",3.06305042191011,"Eastern",22,"Male"
"3",2.90210726233383,"Southern",19,"Female"
"7",5.4733786347446,"Southern",22,"Female"
"5",3.32375115729095,"Western",54,"Female"
"5",4.23439711470792,"Western",22,"Female"
"3",3.53933440868405,"Eastern",50,"Male"
"3",2.53439910281869,"Western",21,"Female"
"4",4.20301721999581,"Southern",19,"Female"
"3",2.50204705492579,"Southern",65,"Male"
"5",2.34597505366888,"Southern",18,"Female"
"3",3.34794892654242,"Eastern",42,"Female"
"9",4.03885576173073,"Western",21,"Female"
"2",2.25486718989706,"Western",54,"Female"
"1",5.16544296663144,"Southern",38,"Female"
"6",4.87507040028998,"Southern",18,"Male"
"6",3.62192427747047,"Eastern",22,"Female"
"6",4.4406056442175,"Eastern",18,"Male"
"7",4.2429601789371,"Eastern",18,"Male"
"1",4.05997485213151,"Eastern",23,"Male"
"4",4.07079890524295,"Southern",22,"Male"
"4",3.31742864567585,"Eastern",53,"Male"
"1",4.0068434605383,"Western",48,"Female"
"4",3.31742864567585,"Eastern",53,"Male"
"4",4.8331719124005,"Western",20,"Female"
"1",3.54601644148917,"Southern",30,"Female"
"1",1.70232713457751,"Western",27,"Male"
"8",5.25546784670766,"Western",21,"Male"
"6",3.5174097389824,"Southern",22,"Female"
"3",3.81397566835172,"Western",22,"Female"
"1",3.54601644148917,"Southern",30,"Female"
"3",3.80183891140255,"Southern",21,"Female"
"7",3.18194179563961,"Southern",33,"Female"
"4",2.31153830984296,"Eastern",26,"Female"
"2",2.56286324866596,"Eastern",24,"Male"
"2",3.50410443806075,"Western",23,"Male"
"5",3.98602785316519,"Southern",19,"Female"
"1",3.94920547110657,"Eastern",48,"Male"
"7",4.89918177771132,"Southern",28,"Male"
"3",2.37217315891993,"Southern",20,"Male"
"5",4.12056637015886,"Western",20,"Female"
"1",4.70936663924813,"Western",20,"Male"
"4",3.59789657280583,"Western",24,"Female"
"1",3.80650154084277,"Eastern",19,"Female"
"5",2.67398561415856,"Southern",30,"Female"
"8",3.80070722907049,"Southern",19,"Female"
"3",3.67330581884371,"Southern",23,"Female"
"7",3.65829758713149,"Eastern",22,"Male"
"3",3.17418738558521,"Western",21,"Female"
"1",4.86180049333806,"Southern",38,"Female"
"3",4.77365809202166,"Western",23,"Female"
"1",3.44457231429177,"Western",22,"Female"
"3",3.9306598993016,"Southern",22,"Male"
"6",4.2381518752755,"Southern",22,"Female"
"2",2.95934799434625,"Western",21,"Female"
"2",4.06638925796312,"Western",47,"Female"
"1",3.61689732803175,"Eastern",19,"Male"
"5",4.53271211999196,"Southern",20,"Female"
"2",5.12067316264988,"Southern",28,"Female"
"3",4.70157056047128,"Southern",28,"Female"
"6",3.87778080712895,"Southern",21,"Female"
"5",3.66524339196261,"Western",22,"Female"
"1",2.43266070425827,"Southern",34,"Female"
"1",2.87899476709573,"Western",29,"Male"
"4",2.84889796734321,"Southern",24,"Male"
"1",3.06305042191011,"Eastern",26,"Male"
"1",4.34420614767896,"Western",21,"Female"
"6",4.2381518752755,"Southern",20,"Female"
"2",3.86843355818348,"Western",21,"Male"
"1",3.54601644148917,"Southern",21,"Female"
"1",4.05997485213151,"Eastern",52,"Male"
"3",3.45230822129699,"Eastern",18,"Female"
"1",4.27401265406804,"Eastern",25,"Female"
"6",2.26120495492165,"Western",24,"Female"
"5",3.3408087837853,"Eastern",18,"Female"
"5",4.0922347742203,"Western",22,"Male"
"9",3.63591171637112,"Southern",19,"Male"
"7",4.2429601789371,"Eastern",46,"Male"
"5",5.89871707384267,"Western",22,"Male"
"5",3.32375115729095,"Western",20,"Female"
"4",2.95753193849622,"Southern",24,"Female"
"4",3.31742864567585,"Eastern",34,"Male"
"4",2.50462820013966,"Southern",30,"Female"
"5",4.57588934937958,"Western",20,"Female"
"5",3.97180262105667,"Western",45,"Male"
"1",3.10720962715111,"Western",33,"Female"
"3",2.30435597805748,"Eastern",24,"Female"
"2",4.2253718845929,"Southern",25,"Female"
"2",4.00284398253523,"Eastern",25,"Male"
"1",4.2815136141814,"Eastern",52,"Male"
"4",3.10879867096798,"Eastern",20,"Female"
"5",2.79271800334368,"Eastern",23,"Female"
"1",4.26417143211965,"Southern",20,"Male"
"1",2.88230116905733,"Western",21,"Female"
"4",2.4729284474038,"Southern",20,"Male"
"2",5.08286395968553,"Western",26,"Male"
"6",4.71864663388535,"Southern",21,"Female"
"9",5.2048107881641,"Western",36,"Male"
"5",3.51223172537292,"Eastern",27,"Male"
"1",3.94920547110657,"Eastern",36,"Male"
"4",2.51085339989998,"Eastern",25,"Female"
"7",3.30254373442562,"Southern",22,"Female"
"1",1.84458722963882,"Eastern",22,"Male"
"5",4.41901409142042,"Southern",19,"Male"
"6",3.40859887134283,"Southern",18,"Male"
"3",4.31597128163794,"Southern",24,"Female"
"7",4.99097087960056,"Southern",25,"Female"
"4",3.41285224598343,"Southern",21,"Male"
"5",3.98602785316519,"Southern",23,"Female"
"1",2.75460153503399,"Eastern",26,"Female"
"7",3.86252888410551,"Western",27,"Male"
"6",5.55951246064175,"Southern",22,"Female"
"2",3.76626943426498,"Eastern",22,"Female"
"5",3.11133302683276,"Southern",75,"Female"
"6",4.48770827412189,"Western",27,"Female"
"1",3.44457231429177,"Western",20,"Female"
"5",4.42337526583938,"Southern",20,"Female"
"1",2.88230116905733,"Western",20,"Female"
"2",2.33483505972719,"Eastern",21,"Female"
"1",3.27121731087624,"Western",30,"Male"
"1",3.54601644148917,"Southern",30,"Female"
"6",4.83877032326753,"Southern",22,"Female"
"5",4.01013772934263,"Eastern",20,"Male"
"1",2.4324842518577,"Western",20,"Female"
"5",3.87669099999664,"Southern",20,"Female"
"3",3.03064035489267,"Southern",24,"Female"
"7",5.85626830094485,"Western",62,"Male"
"3",3.9303720039614,"Southern",22,"Female"
"3",3.36123992759149,"Western",26,"Male"
"1",3.54601644148917,"Southern",19,"Female"
"3",3.65009424016981,"Eastern",21,"Male"
"4",3.9347898469651,"Western",22,"Female"
"5",4.8035508384777,"Western",55,"Female"
"1",3.68962376253645,"Eastern",20,"Female"
"5",4.23439711470792,"Western",18,"Female"
"3",4.60026046547573,"Eastern",24,"Female"
"9",2.24276005858709,"Western",18,"Male"
"1",3.950873072547,"Southern",21,"Female"
"4",3.07075787308536,"Southern",21,"Female"
"3",2.82615245276957,"Eastern",21,"Female"
"1",1.75370328894649,"Southern",63,"Male"
"1",3.80650154084277,"Eastern",24,"Female"
"1",1.5328504194826,"Western",36,"Female"
"2",1.53946805157308,"Southern",23,"Female"
"5",3.33000673316986,"Southern",63,"Female"
"3",4.2038933926144,"Eastern",19,"Male"
"3",4.97921220703368,"Eastern",21,"Male"
"1",1,"Western",57,"Male"
"1",4.68156883583171,"Western",22,"Female"
"2",3.579320237728,"Eastern",25,"Male"
"2",4.2253718845929,"Southern",20,"Female"
"1",3.28458918396,"Eastern",21,"Male"
"5",3.66524339196261,"Western",22,"Female"
"1",3.24237396728487,"Southern",25,"Female"
"3",5.06897046082177,"Western",34,"Male"
"4",3.88281414569621,"Southern",25,"Male"
"1",3.219663856198,"Western",31,"Female"
"3",3.9303720039614,"Southern",22,"Female"
"2",4.35327206700803,"Southern",20,"Female"
"4",2.39192476938885,"Eastern",20,"Male"
"1",2.4324842518577,"Western",27,"Female"
"5",4.16294495568093,"Eastern",20,"Female"
"4",4.0057165771215,"Eastern",19,"Female"
"2",3.16062822393009,"Western",25,"Female"
"5",2.07161296622679,"Western",21,"Female"
"5",3.97180262105667,"Western",51,"Male"
"3",4.027238428954,"Western",18,"Female"
"1",3.83843609008163,"Eastern",21,"Male"
"2",4.86487279781963,"Southern",21,"Female"
"5",3.33000673316986,"Southern",20,"Female"
"3",4.32028158381259,"Southern",21,"Male"
"3",3.38745014618749,"Western",18,"Female"
"1",3.80650154084277,"Eastern",19,"Female"
"5",4.97005953266616,"Southern",23,"Female"
"3",4.45376395015856,"Western",18,"Female"
"3",3.97410469600908,"Eastern",22,"Female"
"3",3.53933440868405,"Eastern",37,"Male"
"1",4.23175191863207,"Western",25,"Female"
"1",3.10720962715111,"Western",22,"Female"
"2",4.09747170217778,"Southern",30,"Female"
"4",3.71019433085892,"Western",20,"Female"
"4",3.41043567685279,"Southern",21,"Female"
"4",3.86333941622838,"Southern",20,"Female"
"3",3.28081876588635,"Western",19,"Female"
"4",3.75011348163924,"Southern",41,"Female"
"4",3.20845621599649,"Eastern",20,"Female"
"5",3.87669099999664,"Southern",21,"Female"
"4",4.88237282854969,"Southern",20,"Female"
"5",5.53317190801817,"Eastern",19,"Female"
"2",1.88522525621204,"Eastern",26,"Male"
"1",4.39228299520634,"Eastern",26,"Male"
"2",2.30686914606383,"Southern",18,"Female"
"4",3.86333941622838,"Southern",27,"Female"
"4",3.13087510666332,"Southern",21,"Male"
"3",4.05890509652025,"Southern",21,"Female"
"4",2.23767412334102,"Eastern",22,"Male"
"5",4.23439711470792,"Western",18,"Female"
"6",4.16963637083373,"Western",19,"Female"
"3",3.9306598993016,"Southern",22,"Male"
"5",4.91738158302677,"Western",23,"Female"
"1",4.05208723031146,"Southern",49,"Female"
"1",4.23175191863207,"Western",53,"Female"
"4",2.27817632994234,"Southern",21,"Female"
"1",4.05208723031146,"Southern",20,"Female"
"1",4.05208723031146,"Southern",49,"Female"
"1",4.70936663924813,"Western",54,"Male"
"1",3.219663856198,"Western",36,"Female"
"6",3.53349256616585,"Western",21,"Female"
"5",3.66524339196261,"Western",18,"Female"
"5",2.76748108833638,"Western",32,"Male"
"9",3.8216593374713,"Western",33,"Female"
"3",2.90210726233383,"Southern",23,"Female"
"4",3.20845621599649,"Eastern",20,"Female"
"7",4.2429601789371,"Eastern",18,"Male"
"6",5.43938877017845,"Southern",21,"Female"
"5",3.77907413651167,"Western",20,"Female"
"7",5.88001543809759,"Eastern",25,"Male"
"6",4.2381518752755,"Southern",22,"Female"
"5",2.78332246732711,"Southern",18,"Female"
"1",4.96301465110252,"Southern",29,"Female"
"3",3.65009424016981,"Eastern",21,"Male"
"1",3.33211808524488,"Western",20,"Female"
"2",3.05998810913817,"Western",19,"Female"
"6",3.53349256616585,"Western",21,"Female"
"3",2.09563738854834,"Eastern",42,"Female"
"7",3.96657518412044,"Western",24,"Female"
"3",2.0023756132651,"Southern",21,"Female"
"4",2.27817632994234,"Southern",20,"Female"
"2",2.6072806809675,"Southern",18,"Male"
"3",4.18743818907909,"Southern",24,"Female"
"6",3.53349256616585,"Western",19,"Female"
"2",2.21554886202797,"Eastern",48,"Female"
"4",3.86333941622838,"Southern",23,"Female"
"5",4.46205860380604,"Western",22,"Female"
"4",4.15938536307128,"Western",24,"Female"
"7",4.863923976729,"Western",18,"Female"
"3",3.92060704865286,"Western",43,"Female"
"3",3.09629508672837,"Eastern",52,"Male"
"5",4.97005953266616,"Southern",19,"Female"
"3",3.13923033703328,"Eastern",20,"Female"
"6",2.89721631169163,"Eastern",18,"Female"
"3",3.9303720039614,"Southern",19,"Female"
"5",4.68972009392864,"Western",39,"Female"
"1",4.05208723031146,"Southern",22,"Female"
"4",2.90948358091095,"Eastern",20,"Female"
"5",3.95620761465462,"Southern",21,"Male"
"5",4.8035508384777,"Western",21,"Female"
"1",3.79418070376026,"Western",71,"Male"
"1",3.74115723601751,"Southern",23,"Male"
"3",3.80183891140255,"Southern",19,"Female"
"2",4.39686722906731,"Southern",18,"Male"
"2",2.93126604929687,"Eastern",21,"Female"
"3",3.97410469600908,"Eastern",19,"Female"
"1",3.22211264825927,"Eastern",24,"Female"
"1",3.95036291445837,"Southern",35,"Male"
"1",2.20757579376392,"Western",24,"Female"
"4",5.67495437169271,"Southern",23,"Female"
"3",4.2038933926144,"Eastern",20,"Male"
"1",3.1404764629494,"Western",29,"Male"
"1",1.84458722963882,"Eastern",22,"Male"
"5",3.73093831472939,"Western",19,"Male"
"3",3.80183891140255,"Southern",22,"Female"
"2",4.14121200812932,"Southern",20,"Male"
"1",4.47337711056051,"Southern",42,"Male"
"1",1.81957930753153,"Eastern",23,"Female"
"2",4.2253718845929,"Southern",20,"Female"
"2",4.48208563604663,"Southern",18,"Male"
"7",4.89918177771132,"Southern",25,"Male"
"1",4.85840154665155,"Eastern",27,"Female"
"2",2.65742764997049,"Western",18,"Female"
"4",3.56971059615914,"Western",20,"Male"
"9",5.77642715776094,"Western",31,"Female"
"3",4.45015547864958,"Southern",23,"Male"
"3",3.34794892654242,"Eastern",21,"Female"
"3",3.26078519044901,"Western",21,"Male"
"1",3.64723059925363,"Southern",24,"Female"
"2",3.66402498668945,"Eastern",50,"Male"
"5",5.57603028541754,"Southern",26,"Male"
"6",4.27566033827838,"Western",24,"Female"
"1",3.34358812504933,"Southern",23,"Female"
"3",4.53617288408116,"Eastern",34,"Male"
"7",4.47934592209463,"Western",18,"Female"
"3",4.18743818907909,"Southern",21,"Female"
"1",3.44480228281378,"Southern",39,"Female"
"3",3.86974540125451,"Eastern",45,"Female"
"2",3.50410443806075,"Western",29,"Male"
"1",4.31714409546762,"Western",18,"Male"
"1",2.5092035167854,"Eastern",34,"Male"
"1",2.48677222331521,"Western",26,"Male"
"1",3.53269900672992,"Western",25,"Male"
"5",3.89290488106073,"Western",20,"Female"
"3",2.96092462498293,"Western",21,"Female"
"3",4.31597128163794,"Southern",24,"Female"
"1",3.27121731087624,"Western",20,"Male"
"3",4.2038933926144,"Eastern",23,"Male"
"6",3.85156446849979,"Western",18,"Female"
"1",1.83306798250435,"Western",27,"Male"
"1",3.61689732803175,"Eastern",23,"Male"
"2",3.91813923357379,"Eastern",32,"Male"
"6",4.91180414390048,"Western",18,"Female"
"1",4.05208723031146,"Southern",27,"Female"
"1",2.87899476709573,"Western",57,"Male"
"2",4.48208563604663,"Southern",18,"Male"
"1",2.06612599168871,"Eastern",27,"Male"
"1",2.61751307124205,"Western",24,"Male"
"6",4.05477168613103,"Eastern",26,"Male"
"3",5.5394941192061,"Eastern",23,"Female"
"1",4.27401265406804,"Eastern",23,"Female"
"9",3.14058397935493,"Southern",56,"Female"
"5",4.16294495568093,"Eastern",18,"Female"
"1",3.00893736053307,"Southern",26,"Male"
"3",4.83010365303012,"Southern",30,"Female"
"4",2.31153830984296,"Eastern",23,"Female"
"1",1.70270152922521,"Eastern",22,"Female"
"5",3.11133302683276,"Southern",19,"Female"
"2",4.48208563604663,"Southern",18,"Male"
"2",3.33007060653593,"Southern",25,"Female"
"6",3.74270893825244,"Eastern",20,"Female"
"5",4.45353123479511,"Western",19,"Male"
"3",4.80897905498487,"Eastern",21,"Female"
"3",4.56039533141938,"Western",21,"Female"
"9",2.73567721519677,"Western",31,"Female"
"3",4.64693271556692,"Eastern",53,"Male"
"2",4.16702937275504,"Western",37,"Female"
"2",4.7369726154045,"Southern",21,"Female"
"1",3.17381980293505,"Eastern",24,"Male"
"6",3.53349256616585,"Western",20,"Female"
"1",3.66948077339763,"Western",23,"Female"
"3",4.027238428954,"Western",23,"Female"
"4",2.55054728828862,"Western",19,"Male"
"7",4.99211666122255,"Western",46,"Female"
"6",3.36111195448156,"Western",22,"Male"
"1",4.57797995072237,"Southern",26,"Male"
"7",2.42260597138995,"Western",21,"Male"
"1",1.62304846758894,"Eastern",21,"Male"
"2",2.25486718989706,"Western",24,"Female"
"3",4.34713256985742,"Western",19,"Female"
"9",3.27866827584535,"Western",18,"Female"
"5",3.77907413651167,"Western",21,"Female"
"9",3.72378542385164,"Western",18,"Male"
"5",3.51223172537292,"Eastern",23,"Male"
"6",3.53349256616585,"Western",20,"Female"
"3",2.87477542575054,"Eastern",24,"Male"
"2",4.09747170217778,"Southern",20,"Female"
"3",2.95942097902158,"Western",19,"Male"
"8",4.6245384707905,"Southern",21,"Female"
"3",4.18743818907909,"Southern",21,"Female"
"3",3.28081876588635,"Western",25,"Female"
"2",2.77544619672233,"Western",23,"Male"
"3",4.027238428954,"Western",18,"Female"
"6",4.5670728309242,"Western",19,"Male"
"7",4.94455529015622,"Eastern",20,"Male"
"5",4.30331247222897,"Southern",23,"Male"
"5",4.31403841267083,"Southern",19,"Female"
"1",4.31714409546762,"Western",21,"Male"
"9",3.42563692214926,"Southern",56,"Female"
"4",4.88237282854969,"Southern",18,"Female"
"6",2.31617284407945,"Southern",27,"Female"
"4",3.37330105568897,"Western",19,"Female"
"5",3.89290488106073,"Western",21,"Female"
"1",2.20757579376392,"Western",45,"Female"
"6",3.32144463032234,"Western",23,"Female"
"4",5.33527656690625,"Southern",19,"Female"
"2",4.60907243183827,"Southern",23,"Female"
"3",2.51650798465729,"Southern",22,"Female"
"1",3.66948077339763,"Western",21,"Female"
"1",3.950873072547,"Southern",28,"Female"
"4",4.08868187730327,"Eastern",22,"Male"
"7",4.17817557770788,"Eastern",62,"Female"
"3",4.027238428954,"Western",27,"Female"
"7",3.8950504462568,"Southern",18,"Male"
"4",3.22998949379043,"Western",52,"Male"
"1",3.61689732803175,"Eastern",19,"Male"
"2",2.93126604929687,"Eastern",21,"Female"
"1",1.84458722963882,"Eastern",21,"Male"
"1",2.88230116905733,"Western",21,"Female"
"4",3.50742885197894,"Eastern",19,"Female"
"2",3.05998810913817,"Western",90,"Female"
"5",2.10760452655846,"Eastern",21,"Female"
"5",5.25887381667395,"Western",20,"Female"
"5",4.10971893013657,"Eastern",47,"Male"
"7",4.22296055310753,"Western",21,"Female"
"4",3.86333941622838,"Southern",23,"Female"
"4",3.71019433085892,"Western",19,"Female"
"3",3.16033045330654,"Western",23,"Male"
"2",4.08754873149668,"Eastern",25,"Male"
"1",3.33899042656559,"Eastern",48,"Female"
"1",5.06422880886698,"Southern",52,"Female"
"1",2.43266070425827,"Southern",34,"Female"
"2",4.25695822941957,"Eastern",27,"Male"
"6",4.16963637083373,"Western",18,"Female"
"6",4.71864663388535,"Southern",21,"Female"
"5",5.39614921290777,"Eastern",25,"Female"
"2",3.7137711549324,"Southern",21,"Female"
"1",3.03994565175595,"Southern",22,"Female"
"1",3.00973561502256,"Western",53,"Male"
"1",3.44480228281378,"Southern",21,"Female"
"1",4.34420614767896,"Western",20,"Female"
"2",2.69269365389843,"Eastern",18,"Female"
"2",3.7137711549324,"Southern",21,"Female"
"1",1.82537575767152,"Southern",33,"Female"
"1",2.4859231634895,"Southern",20,"Male"
"3",3.97410469600908,"Eastern",18,"Female"
"9",2.85553103656059,"Southern",32,"Female"
"5",4.09536470633374,"Southern",25,"Female"
"1",1.62294744123167,"Southern",32,"Female"
"3",4.97921220703368,"Eastern",23,"Male"
"1",3.17381980293505,"Eastern",24,"Male"
"1",2.54493848191667,"Western",27,"Female"
"9",3.72378542385164,"Western",78,"Male"
"6",4.12854160348568,"Western",24,"Male"
"1",4.31714409546762,"Western",38,"Male"
"2",3.16983844469531,"Eastern",21,"Female"
"6",5.01935658221532,"Eastern",21,"Male"
"2",3.66382879879544,"Western",19,"Female"
"4",2.73108006931794,"Southern",24,"Female"
"5",3.37769951765606,"Southern",38,"Male"
"3",3.60071290774945,"Western",26,"Female"
"2",2.55678753517857,"Western",36,"Female"
"1",2.17211464582821,"Southern",20,"Male"
"1",2.23023238872935,"Southern",22,"Female"
"1",3.17381980293505,"Eastern",31,"Male"
"3",3.70734428805058,"Western",18,"Female"
"4",3.37330105568897,"Western",34,"Female"
"1",3.64723059925363,"Southern",24,"Female"
"6",4.20849243193227,"Southern",40,"Male"
"3",4.36578730082443,"Western",20,"Male"
"2",2.65742764997049,"Western",18,"Female"
"3",3.24358963178785,"Eastern",20,"Female"
"2",3.8855556319642,"Eastern",21,"Female"
"2",2.85870787955433,"Western",30,"Female"
"6",3.0033727279884,"Western",35,"Female"
"6",3.15703866975473,"Southern",24,"Female"
"2",4.00484182966342,"Eastern",22,"Female"
"5",3.84050599546317,"Southern",44,"Male"
"1",4.68156883583171,"Western",20,"Female"
"6",3.99790449651113,"Southern",20,"Female"
"1",4.05208723031146,"Southern",26,"Female"
"5",4.23439711470792,"Western",18,"Female"
"5",3.20992041274189,"Western",22,"Female"
"4",4.38398087917746,"Western",19,"Female"
"1",2.73074227883528,"Eastern",48,"Male"
"9",5.7660782283223,"Eastern",30,"Male"
"6",2.57927685820981,"Western",24,"Female"
"5",4.20930013093052,"Eastern",22,"Male"
"7",3.42443254935685,"Eastern",20,"Male"
"4",5.05776742850667,"Western",19,"Female"
"4",3.82249208891201,"Western",23,"Female"
"4",2.81181226542352,"Western",27,"Female"
"1",3.63655439679708,"Southern",32,"Male"
"5",3.66524339196261,"Western",18,"Female"
"1",3.219663856198,"Western",51,"Female"
"1",5.31019982526538,"Southern",41,"Male"
"1",2.48677222331521,"Western",58,"Male"
"5",3.33000673316986,"Southern",24,"Female"
"3",3.28770654001037,"Southern",21,"Female"
"1",3.54601644148917,"Southern",51,"Female"
"1",3.33211808524488,"Western",20,"Female"
"9",3.8216593374713,"Western",19,"Female"
"2",3.74699051814257,"Western",23,"Male"
"6",3.75765711774677,"Southern",23,"Female"
"1",3.219663856198,"Western",20,"Female"
"3",3.9303720039614,"Southern",20,"Female"
"1",3.53195155663522,"Southern",24,"Male"
"1",2.40396819906313,"Eastern",21,"Female"
"7",3.34734244690817,"Southern",21,"Male"
"6",4.83877032326753,"Southern",23,"Female"
"2",4.08754873149668,"Eastern",21,"Male"
"3",2.90210726233383,"Southern",19,"Female"
"4",3.82249208891201,"Western",25,"Female"
"9",5.88502536989065,"Western",22,"Female"
"1",3.27121731087624,"Western",19,"Male"
"5",3.43758190184001,"Western",31,"Female"
"5",3.95620761465462,"Southern",23,"Male"
"3",3.15917344745152,"Southern",24,"Female"
"3",3.9306598993016,"Southern",24,"Male"
"3",4.18743818907909,"Southern",34,"Female"
"5",3.43934358633841,"Southern",18,"Female"
"3",3.67330581884371,"Southern",25,"Female"
"2",4.36270042276108,"Eastern",21,"Female"
"1",3.66343985583342,"Western",27,"Male"
"2",5.12067316264988,"Southern",18,"Female"
"1",2.32003002281081,"Western",30,"Female"
"2",4.09747170217778,"Southern",70,"Female"
"3",2.51650798465729,"Southern",30,"Female"
"2",2.05463475489728,"Eastern",20,"Male"
"2",4.60907243183827,"Southern",23,"Female"
"2",3.52769703779297,"Eastern",46,"Female"
"2",3.74699051814257,"Western",23,"Male"
"3",4.28718258027279,"Eastern",42,"Female"
"8",6.27220095299478,"Southern",20,"Female"
"2",3.32520599008132,"Eastern",21,"Male"
"1",2.5092035167854,"Eastern",24,"Male"
"2",4.08754873149668,"Eastern",50,"Male"
"1",4.15956859289922,"Southern",64,"Male"
"3",1.25482253824534,"Western",18,"Female"
"5",4.98508112757656,"Eastern",20,"Female"
"1",4.23175191863207,"Western",21,"Female"
"2",1.96993000517349,"Eastern",20,"Male"
"3",3.03064035489267,"Southern",20,"Female"
"5",4.23439711470792,"Western",18,"Female"
"3",3.81397566835172,"Western",21,"Female"
"3",3.9303720039614,"Southern",19,"Female"
"4",3.40777130605351,"Eastern",21,"Female"
"3",3.9303720039614,"Southern",19,"Female"
"1",4.7940230648786,"Western",20,"Female"
"4",6.01463217546013,"Southern",30,"Female"
"5",3.33000673316986,"Southern",63,"Female"
"1",3.24237396728487,"Southern",25,"Female"
"7",4.09476786861398,"Western",18,"Female"
"1",3.54601644148917,"Southern",21,"Female"
"2",4.3542057183471,"Western",88,"Male"
"3",3.92060704865286,"Western",18,"Female"
"4",3.70674394203597,"Eastern",19,"Female"
"1",1,"Western",39,"Female"
"1",2.43266070425827,"Southern",30,"Female"
"3",4.13386980925514,"Western",21,"Female"
"5",5.07939638583471,"Southern",23,"Female"
"3",3.41623963372601,"Southern",35,"Female"
"1",3.83843609008163,"Eastern",19,"Male"
"6",4.80578017645584,"Western",32,"Female"
"1",2.95228104088517,"Eastern",26,"Male"
"3",3.15917344745152,"Southern",24,"Female"
"3",3.5566675169908,"Eastern",18,"Female"
"4",4.16422252606877,"Western",23,"Male"
"6",3.99790449651113,"Southern",22,"Female"
"7",3.45380444614625,"Western",46,"Female"
"7",3.66434955186906,"Southern",25,"Female"
"2",5.67514333529115,"Southern",20,"Male"
"2",3.86843355818348,"Western",21,"Male"
"4",4.25878366478969,"Southern",20,"Male"
"2",3.7137711549324,"Southern",21,"Female"
"2",2.43476932963005,"Southern",23,"Female"
"1",2.48677222331521,"Western",76,"Male"
"4",3.26100329763588,"Western",24,"Female"
"1",3.92337931914909,"Eastern",19,"Female"
"2",4.12412802736264,"Eastern",53,"Female"
"1",3.55702654435075,"Western",31,"Female"
"1",2.87899476709573,"Western",59,"Male"
"7",3.77523010549261,"Eastern",20,"Male"
"6",4.34663224216226,"Eastern",25,"Female"
"2",4.24341422506186,"Eastern",53,"Female"
"5",4.75138582632906,"Southern",20,"Female"
"5",3.00834539466366,"Western",22,"Male"
"1",3.64723059925363,"Southern",20,"Female"
"1",3.33211808524488,"Western",36,"Female"
"2",3.80033837944505,"Southern",36,"Male"
"3",3.9303720039614,"Southern",22,"Female"
"3",3.87161390114765,"Eastern",25,"Male"
"1",3.22211264825927,"Eastern",30,"Female"
"5",4.86072267949761,"Southern",20,"Female"
"5",5.03121232757583,"Western",44,"Female"
"3",4.31597128163794,"Southern",22,"Female"
"1",3.66343985583342,"Western",20,"Male"
"5",3.87669099999664,"Southern",46,"Female"
"1",2.59052600270993,"Southern",25,"Male"
"3",3.67330581884371,"Southern",22,"Female"
"5",3.00834539466366,"Western",20,"Male"
"4",4.38398087917746,"Western",19,"Female"
"3",3.5566675169908,"Eastern",20,"Female"
"1",2.54493848191667,"Western",22,"Female"
"4",3.73957114810787,"Western",29,"Male"
"3",2.54249593328694,"Eastern",19,"Male"
"2",3.86843355818348,"Western",23,"Male"
"1",3.40195815880308,"Western",30,"Male"
"3",2.64103048407951,"Western",28,"Female"
"4",3.26100329763588,"Western",19,"Female"
"7",4.25514423560528,"Eastern",20,"Female"
"4",3.14505921819825,"Western",25,"Male"
"1",5.01893152297237,"Western",36,"Female"
"6",4.47839925512098,"Southern",25,"Female"
"5",3.49007400840211,"Western",26,"Male"
"4",2.47491899126425,"Western",20,"Female"
"1",2.20757579376392,"Western",27,"Female"
"3",2.51307456756662,"Eastern",19,"Female"
"5",4.45353123479511,"Western",19,"Male"
"3",3.20705491721729,"Eastern",39,"Male"
"6",4.48770827412189,"Western",20,"Female"
"2",4.48208563604663,"Southern",18,"Male"
"1",4.97084833627848,"Western",25,"Male"
"5",4.42337526583938,"Southern",20,"Female"
"1",3.219663856198,"Western",51,"Female"
"1",2.95228104088517,"Eastern",22,"Male"
"2",2.81846987687543,"Southern",19,"Female"
"9",5.04093693302745,"Southern",27,"Female"
"3",3.41623963372601,"Southern",32,"Female"
"3",1.1481911579442,"Western",18,"Female"
"6",4.80578017645584,"Western",40,"Female"
"8",5.58567491802215,"Southern",21,"Female"
"3",3.66260413992301,"Western",26,"Male"
"1",3.42734871741479,"Southern",28,"Male"
"3",4.05890509652025,"Southern",24,"Female"
"1",2.33144654649381,"Southern",47,"Female"
"6",5.01782811134513,"Western",19,"Female"
"1",2.73630317846257,"Southern",26,"Female"
"3",3.80183891140255,"Southern",22,"Female"
"5",4.21266692738394,"Western",24,"Male"
"4",3.1839838076745,"Southern",20,"Female"
"2",2.6905696944603,"Southern",21,"Female"
"5",2.51867261312287,"Eastern",22,"Female"
"4",5.01072270382259,"Southern",26,"Male"
"5",3.66524339196261,"Western",18,"Female"
"3",4.34713256985742,"Western",23,"Female"
"3",2.96092462498293,"Western",22,"Female"
"3",4.13386980925514,"Western",19,"Female"
"5",2.52693594544752,"Western",20,"Female"
"3",3.97410469600908,"Eastern",28,"Female"
"3",3.26078519044901,"Western",22,"Male"
"2",3.8855556319642,"Eastern",22,"Female"
"3",4.39154187502736,"Eastern",23,"Female"
"1",3.22211264825927,"Eastern",20,"Female"
"1",3.44480228281378,"Southern",30,"Female"
"7",5.85626830094485,"Western",23,"Male"
"1",3.74844475701809,"Southern",21,"Female"
"5",3.22066988000131,"Southern",19,"Female"
"1",3.61689732803175,"Eastern",28,"Male"
"1",3.10720962715111,"Western",59,"Female"
"3",3.92060704865286,"Western",31,"Female"
"2",4.60907243183827,"Southern",23,"Female"
"4",4.54269502478227,"Southern",21,"Female"
"3",3.03487104227871,"Eastern",20,"Female"
"1",2.28766475373859,"Eastern",28,"Male"
"3",2.30435597805748,"Eastern",18,"Female"
"3",2.77357416977498,"Southern",23,"Female"
"2",3.28912464239453,"Eastern",19,"Female"
"6",3.95758843594444,"Western",22,"Female"
"7",2.69953404049558,"Southern",22,"Female"
"1",2.39843413476353,"Eastern",33,"Male"
"4",4.30468921220704,"Eastern",18,"Female"
"1",4.84010748835164,"Western",25,"Male"
"4",4.55143381544676,"Eastern",18,"Male"
"1",3.64723059925363,"Southern",23,"Female"
"1",3.64723059925363,"Southern",33,"Female"
"3",4.09313356212549,"Eastern",19,"Male"
"5",3.32375115729095,"Western",23,"Female"
"2",3.45797078895105,"Southern",25,"Female"
"5",3.24920970099094,"Western",25,"Male"
"9",5.3584679988357,"Eastern",19,"Male"
"5",3.55141264741355,"Western",22,"Female"
"9",4.48182172951006,"Southern",30,"Male"
"3",3.34794892654242,"Eastern",21,"Female"
"5",3.61181292616686,"Eastern",27,"Male"
"3",4.91333834973944,"Eastern",18,"Female"
"6",3.21542066287769,"Western",21,"Female"
"7",3.25605778048699,"Southern",31,"Male"
"1",3.54601644148917,"Southern",33,"Female"
"3",2.54249593328694,"Eastern",26,"Male"
"1",4.68156883583171,"Western",29,"Female"
"3",4.18743818907909,"Southern",24,"Female"
"6",3.79964318290678,"Western",32,"Male"
"5",4.42337526583938,"Southern",39,"Female"
"6",3.98427825981637,"Eastern",18,"Female"
"8",2.92541912567669,"Eastern",33,"Male"
"9",5.83953594484207,"Western",20,"Male"
"3",2.32113634221641,"Western",19,"Female"
"5",3.33000673316986,"Southern",38,"Female"
"1",3.78193500244452,"Western",22,"Female"
"2",3.54468315850706,"Southern",46,"Male"
"6",4.82643960317209,"Eastern",21,"Male"
"2",3.26126833872201,"Western",18,"Female"
"3",3.92060704865286,"Western",37,"Female"
"6",4.59852294450317,"Southern",22,"Female"
"7",4.17817557770788,"Eastern",22,"Female"
"4",3.59789657280583,"Western",19,"Female"
"1",3.84965891478255,"Southern",19,"Female"
"1",2.09512156471703,"Western",60,"Female"
"1",3.84965891478255,"Southern",26,"Female"
"4",3.75011348163924,"Southern",21,"Female"
"3",3.92060704865286,"Western",21,"Female"
"1",2.87147931334031,"Eastern",31,"Female"
"2",2.16823099542481,"Western",45,"Male"
"3",4.34713256985742,"Western",41,"Female"
"2",2.39345375074306,"Eastern",21,"Male"
"9",2.77169768931074,"Western",21,"Male"
"9",3.42563692214926,"Southern",54,"Female"
"3",3.9303720039614,"Southern",21,"Female"
"3",3.66102681174537,"Eastern",22,"Female"
"6",4.87507040028998,"Southern",18,"Male"
"4",3.52366161246096,"Southern",19,"Female"
"4",3.75011348163924,"Southern",21,"Female"
"5",3.77907413651167,"Western",21,"Female"
"7",4.73573129223545,"Western",18,"Female"
"1",2.83751733622703,"Southern",19,"Female"
"2",2.30686914606383,"Southern",20,"Female"
"5",4.23439711470792,"Western",25,"Female"
"3",4.34713256985742,"Western",22,"Female"
"7",5.37669471470319,"Western",28,"Female"
"8",5.25546784670766,"Western",18,"Male"
"4",5.33527656690625,"Southern",20,"Female"
"6",4.35827556465768,"Southern",22,"Female"
"5",4.99752218841898,"Southern",19,"Male"
"1",4.0068434605383,"Western",18,"Female"
"5",4.16294495568093,"Eastern",22,"Female"
"3",5.21570293070666,"Southern",22,"Female"
"2",3.52769703779297,"Eastern",49,"Female"
"4",3.29720974226365,"Southern",34,"Female"
"1",4.45666037672585,"Western",22,"Female"
"2",3.26126833872201,"Western",18,"Female"
"6",3.87778080712895,"Southern",21,"Female"
"5",3.65801729365954,"Southern",24,"Female"
"5",4.46205860380604,"Western",23,"Female"
"3",3.53933440868405,"Eastern",23,"Male"
"5",2.92974069845408,"Eastern",32,"Female"
"2",2.65742764997049,"Western",18,"Female"
"4",3.99436197488441,"Western",19,"Male"
"1",2.28766475373859,"Eastern",24,"Male"
"4",4.54269502478227,"Southern",21,"Female"
"5",3.81097532775475,"Eastern",50,"Male"
"1",2.20757579376392,"Western",39,"Female"
"9",4.03373475117002,"Eastern",24,"Male"
"3",3.13923033703328,"Eastern",20,"Female"
"5",4.10971893013657,"Eastern",21,"Male"
"2",4.00284398253523,"Eastern",51,"Male"
"3",3.66102681174537,"Eastern",21,"Female"
"9",2.87748521526506,"Western",21,"Male"
"1",4.18640324754078,"Western",28,"Male"
"5",3.1287775478273,"Western",20,"Male"
"2",4.99277298023475,"Southern",21,"Female"
"4",4.20301721999581,"Southern",55,"Female"
"6",4.82643960317209,"Eastern",19,"Male"
"3",4.56039533141938,"Western",21,"Female"
"2",3.28912464239453,"Eastern",29,"Female"
"3",2.3209762723091,"Eastern",25,"Male"
"3",3.81397566835172,"Western",19,"Female"
"2",4.39686722906731,"Southern",19,"Male"
"4",3.03688272688995,"Southern",47,"Male"
"5",4.0922347742203,"Western",19,"Male"
"3",3.41116431878475,"Southern",23,"Male"
"2",4.06638925796312,"Western",21,"Female"
"9",1,"Western",19,"Female"
"2",3.58587097251728,"Southern",20,"Female"
"2",4.60907243183827,"Southern",23,"Female"
"1",3.54601644148917,"Southern",30,"Female"
"3",2.64504107721613,"Southern",26,"Female"
"5",3.81097532775475,"Eastern",58,"Male"
"7",3.25455168224631,"Eastern",26,"Female"
"3",2.09945661133126,"Eastern",38,"Male"
"3",1.61677633558856,"Southern",21,"Female"
"2",2.6475679976274,"Eastern",25,"Male"
"3",5.41344637382849,"Western",21,"Female"
"6",4.47512361999526,"Southern",78,"Male"
"5",3.4778314788957,"Eastern",19,"Female"
"5",4.41901409142042,"Southern",19,"Male"
"1",4.05208723031146,"Southern",27,"Female"
"3",3.31781474770621,"Eastern",18,"Male"
"2",1.96993000517349,"Eastern",27,"Male"
"4",4.50400430316098,"Eastern",19,"Female"
"5",3.1287775478273,"Western",32,"Male"
"2",3.96957151976265,"Southern",70,"Female"
"5",3.00199617366421,"Southern",19,"Female"
"4",3.93443123125543,"Eastern",18,"Male"
"1",5.06422880886698,"Southern",19,"Female"
"4",3.80640148706448,"Eastern",30,"Female"
"3",3.13923033703328,"Eastern",20,"Female"
"5",3.33000673316986,"Southern",23,"Female"
"3",4.31597128163794,"Southern",22,"Female"
"2",4.08754873149668,"Eastern",25,"Male"
"3",3.70734428805058,"Western",24,"Female"
"6",3.0033727279884,"Western",18,"Female"
"3",5.16942519796424,"Western",19,"Male"
"2",3.52769703779297,"Eastern",19,"Female"
"1",3.14115980952041,"Southern",20,"Female"
"3",2.77357416977498,"Southern",38,"Female"
"1",3.34358812504933,"Southern",24,"Female"
"1",3.84965891478255,"Southern",54,"Female"
"3",3.5566675169908,"Eastern",20,"Female"
"2",3.66382879879544,"Western",18,"Female"
"1",1.46894597261257,"Eastern",23,"Female"
"6",4.16963637083373,"Western",23,"Female"
"4",3.0364077815297,"Western",20,"Female"
"1",4.15956859289922,"Southern",38,"Male"
"1",2.88230116905733,"Western",59,"Female"
"2",3.7137711549324,"Southern",23,"Female"
"1",2.95228104088517,"Eastern",24,"Male"
"4",2.51085339989998,"Eastern",19,"Female"
"1",4.70936663924813,"Western",55,"Male"
"5",4.8035508384777,"Western",55,"Female"
"1",3.39535856498494,"Eastern",22,"Male"
"2",3.83343448461234,"Eastern",45,"Male"
"1",1.62304846758894,"Eastern",23,"Male"
"1",2.88230116905733,"Western",21,"Female"
"9",2.87748521526506,"Western",30,"Male"
"1",2.4324842518577,"Western",26,"Female"
"1",2.5092035167854,"Eastern",24,"Male"
"5",4.23439711470792,"Western",18,"Female"
"3",3.81397566835172,"Western",40,"Female"
"1",3.84965891478255,"Southern",18,"Female"
"3",3.38745014618749,"Western",24,"Female"
"6",3.50113961668851,"Eastern",45,"Female"
"1",2.61997289781034,"Eastern",20,"Male"
"3",4.45376395015856,"Western",21,"Female"
"3",2.21021644182018,"Eastern",19,"Male"
"9",3.51221037194302,"Western",40,"Male"
"2",3.71511997246572,"Southern",81,"Male"
"1",2.22529052628487,"Western",20,"Male"
"7",5.50488739919673,"Western",18,"Female"
"1",2.43266070425827,"Southern",20,"Female"
"3",2.64103048407951,"Western",22,"Female"
"5",4.23439711470792,"Western",22,"Female"
"4",3.7801805852076,"Eastern",20,"Male"
"2",4.2253718845929,"Southern",20,"Female"
"6",4.12854160348568,"Western",18,"Male"
"3",3.15917344745152,"Southern",22,"Female"
"7",5.23217475717258,"Southern",21,"Female"
"3",3.03487104227871,"Eastern",24,"Female"
"1",3.03994565175595,"Southern",20,"Female"
"6",4.91180414390048,"Western",21,"Female"
"4",3.52366161246096,"Southern",24,"Female"
"4",3.07075787308536,"Southern",21,"Female"
"1",3.1404764629494,"Western",29,"Male"
"4",3.78882176592284,"Southern",26,"Male"
"2",3.32520599008132,"Eastern",32,"Male"
"4",3.52366161246096,"Southern",19,"Female"
"3",2.64504107721613,"Southern",20,"Female"
"7",4.89918177771132,"Southern",28,"Male"
"6",4.82643960317209,"Eastern",19,"Male"
"3",2.82615245276957,"Eastern",23,"Female"
"1",2.48677222331521,"Western",25,"Male"
"1",3.57274598423013,"Eastern",22,"Female"
"4",2.85467670753235,"Eastern",22,"Male"
"1",2.87899476709573,"Western",25,"Male"
"7",4.12602766057598,"Eastern",24,"Male"
"6",5.79102449925638,"Eastern",24,"Male"
"1",2.59052600270993,"Southern",38,"Male"
"2",3.58587097251728,"Southern",23,"Female"
"2",3.07427024170568,"Southern",23,"Female"
"1",3.45586820487191,"Eastern",29,"Female"
"7",3.96657518412044,"Western",28,"Female"
"1",3.57274598423013,"Eastern",19,"Female"
"5",4.0067356256098,"Western",22,"Female"
"1",3.44457231429177,"Western",23,"Female"
"4",2.92411002347661,"Western",20,"Female"
"1",3.03994565175595,"Southern",19,"Female"
"5",4.98508112757656,"Eastern",23,"Female"
"2",2.57340745619921,"Eastern",20,"Female"
"1",2.54493848191667,"Western",22,"Female"
"3",3.34794892654242,"Eastern",42,"Female"
"6",4.06361240338909,"Western",20,"Female"
"3",3.05987571616406,"Western",66,"Male"
"5",3.89290488106073,"Western",20,"Female"
"3",3.06755600528407,"Western",18,"Female"
"1",3.44480228281378,"Southern",23,"Female"
"3",4.2038933926144,"Eastern",30,"Male"
"1",3.66948077339763,"Western",30,"Female"
"4",3.29720974226365,"Southern",21,"Female"
"6",4.35827556465768,"Southern",22,"Female"
"6",4.27566033827838,"Western",19,"Female"
"1",3.44480228281378,"Southern",39,"Female"
"6",5.01782811134513,"Western",18,"Female"
"9",5.70369174895847,"Southern",37,"Male"
"5",4.21266692738394,"Western",19,"Male"
"5",3.85137046789303,"Western",22,"Male"
"5",4.98508112757656,"Eastern",20,"Female"
"5",4.21266692738394,"Western",57,"Male"
"2",5.12067316264988,"Southern",20,"Female"
"5",3.33000673316986,"Southern",38,"Female"
"5",5.10553093897223,"Eastern",20,"Male"
"3",4.28718258027279,"Eastern",21,"Female"
"1",3.95036291445837,"Southern",18,"Male"
"5",5.25887381667395,"Western",20,"Female"
"2",1.31812971513846,"Western",30,"Male"
"6",4.34780721720494,"Western",21,"Male"
"6",3.13878563325556,"Eastern",20,"Female"
"4",3.86333941622838,"Southern",20,"Female"
"6",2.43629653346163,"Southern",21,"Female"
"3",2.82615245276957,"Eastern",23,"Female"
"4",2.46561701269645,"Western",24,"Male"
"6",3.90927598976641,"Western",19,"Male"
"1",3.24237396728487,"Southern",25,"Female"
"5",3.54868044049099,"Southern",23,"Female"
"1",2.33144654649381,"Southern",41,"Female"
"1",2.59052600270993,"Southern",28,"Male"
"3",2.82615245276957,"Eastern",33,"Female"
"6",5.54164836744784,"Southern",18,"Male"
"3",3.28129042394776,"Southern",20,"Male"
"6",3.1418463407623,"Western",27,"Male"
"4",3.07075787308536,"Southern",20,"Female"
"5",3.65801729365954,"Southern",20,"Female"
"6",5.75999588441188,"Western",29,"Female"
"5",4.81482769428603,"Western",31,"Male"
"1",1.95535661066377,"Eastern",28,"Male"
"4",3.97656535081753,"Southern",21,"Female"
"2",4.06638925796312,"Western",21,"Female"
"1",3.39535856498494,"Eastern",20,"Male"
"4",4.8331719124005,"Western",20,"Female"
"3",4.83010365303012,"Southern",29,"Female"
"4",3.41285224598343,"Southern",25,"Male"
"9",5.01623967187555,"Western",22,"Female"
"6",4.95889401264972,"Southern",47,"Female"
"5",3.11133302683276,"Southern",59,"Female"
"5",3.22066988000131,"Southern",63,"Female"
"1",3.06305042191011,"Eastern",42,"Male"
"2",3.83343448461234,"Eastern",45,"Male"
"9",6.05111099675069,"Western",35,"Male"
"3",3.81397566835172,"Western",21,"Female"
"2",3.05055224699609,"Eastern",22,"Female"
"1",3.1135401997535,"Southern",54,"Male"
"8",3.87046697317547,"Eastern",34,"Male"
"5",5.53317190801817,"Eastern",21,"Female"
"5",4.20470155950229,"Southern",23,"Female"
"1",3.95036291445837,"Southern",62,"Male"
"4",3.6368875470501,"Southern",20,"Female"
"1",4.56911460678482,"Western",19,"Female"
"3",4.26533256277787,"Western",20,"Male"
"2",3.16062822393009,"Western",23,"Female"
"2",3.66382879879544,"Western",25,"Female"
"3",2.54249593328694,"Eastern",18,"Male"
"2",3.50410443806075,"Western",24,"Male"
"1",2.53387486202273,"Southern",47,"Female"
"4",4.42946908917409,"Southern",20,"Female"
"7",2.94103370701833,"Western",19,"Female"
"6",4.46741690403129,"Eastern",20,"Female"
"1",4.44788494339446,"Western",25,"Male"
"2",3.52769703779297,"Eastern",22,"Female"
"1",3.950873072547,"Southern",20,"Female"
"6",4.80578017645584,"Western",40,"Female"
"3",3.66102681174537,"Eastern",19,"Female"
"4",4.70331939321801,"Eastern",19,"Female"
"1",1.29074032351719,"Eastern",55,"Male"
"4",4.33408307725312,"Western",33,"Male"
"2",4.46894971803655,"Western",18,"Female"
"6",4.80578017645584,"Western",32,"Female"
"3",3.03064035489267,"Southern",21,"Female"
"1",4.45694386228022,"Southern",21,"Female"
"3",3.31781474770621,"Eastern",61,"Male"
"4",3.48559881475274,"Western",20,"Female"
"4",2.81181226542352,"Western",27,"Female"
"6",4.67670563778384,"Western",64,"Male"
"3",4.13386980925514,"Western",19,"Female"
"3",5.62670913539045,"Western",23,"Female"
"3",2.89166873943677,"Southern",20,"Male"
"3",3.81397566835172,"Western",21,"Female"
"9",4.29384172677827,"Southern",18,"Male"
"8",4.85411184885555,"Western",47,"Male"
"1",2.63772375672767,"Eastern",44,"Female"
"1",3.34358812504933,"Southern",21,"Female"
"3",2.90210726233383,"Southern",19,"Female"
"7",2.81284102252478,"Western",19,"Female"
"3",4.05890509652025,"Southern",21,"Female"
"1",4.2815136141814,"Eastern",38,"Male"
"3",3.76085407065873,"Eastern",20,"Male"
"1",3.80650154084277,"Eastern",22,"Female"
"1",4.56911460678482,"Western",19,"Female"
"4",3.69482938614947,"Southern",21,"Male"
"4",3.93443123125543,"Eastern",20,"Male"
"1",4.05208723031146,"Southern",57,"Female"
"1",2.20757579376392,"Western",27,"Female"
"2",2.90168224527409,"Eastern",21,"Male"
"1",1.93645708583785,"Eastern",27,"Female"
"3",3.80183891140255,"Southern",22,"Female"
"5",3.89290488106073,"Western",20,"Female"
"2",3.28912464239453,"Eastern",19,"Female"
"6",3.32144463032234,"Western",18,"Female"
"4",4.27168312112437,"Western",20,"Female"
"5",3.43934358633841,"Southern",25,"Female"
"3",4.56039533141938,"Western",22,"Female"
"5",3.66524339196261,"Western",22,"Female"
"1",3.27121731087624,"Western",18,"Male"
"4",4.08979128540667,"Southern",25,"Female"
"3",5.6190205333514,"Southern",31,"Male"
"3",3.76085407065873,"Eastern",21,"Male"
"4",4.20301721999581,"Southern",25,"Female"
"5",4.8035508384777,"Western",23,"Female"
"4",3.97656535081753,"Southern",24,"Female"
"5",4.53271211999196,"Southern",19,"Female"
"1",4.2815136141814,"Eastern",21,"Male"
"2",3.96957151976265,"Southern",23,"Female"
"2",2.25486718989706,"Western",30,"Female"
"5",3.87669099999664,"Southern",19,"Female"
"1",3.74115723601751,"Southern",23,"Male"
"4",4.04708760501819,"Western",19,"Female"
"2",2.86293590190548,"Southern",18,"Male"
"3",3.9303720039614,"Southern",50,"Female"
"1",2.28709042075681,"Eastern",20,"Female"
"3",4.70990326832357,"Southern",23,"Male"
"1",1.57158628665067,"Western",29,"Male"
"4",3.52366161246096,"Southern",19,"Female"
"1",2.88230116905733,"Western",28,"Female"
"2",2.85870787955433,"Western",26,"Female"
"1",3.34358812504933,"Southern",23,"Female"
"8",3.6364327540901,"Western",21,"Female"
"1",4.39228299520634,"Eastern",38,"Male"
"6",2.41497736252729,"Eastern",54,"Male"
"4",3.86333941622838,"Southern",34,"Female"
"4",4.88237282854969,"Southern",21,"Female"
"7",3.79333228822086,"Eastern",43,"Female"
"4",3.86333941622838,"Southern",23,"Female"
"1",3.72766670905669,"Eastern",31,"Male"
"4",3.50684462660273,"Southern",21,"Male"
"3",3.56214940278053,"Western",21,"Male"
"3",4.96965105916643,"Southern",32,"Male"
"6",3.99790449651113,"Southern",27,"Female"
"4",3.41043567685279,"Southern",21,"Female"
"4",3.69482938614947,"Southern",20,"Male"
"1",2.87147931334031,"Eastern",31,"Female"
"6",4.48770827412189,"Western",24,"Female"
"3",3.28081876588635,"Western",23,"Female"
"3",2.51650798465729,"Southern",22,"Female"
"1",3.10720962715111,"Western",20,"Female"
"2",3.76446891358736,"Western",33,"Female"
"2",3.62554747810166,"Western",23,"Male"
"5",3.65801729365954,"Southern",20,"Female"
"7",3.41947567980962,"Western",21,"Male"
"1",3.22211264825927,"Eastern",25,"Female"
"4",3.86333941622838,"Southern",24,"Female"
"9",6.07178590043724,"Eastern",21,"Male"
"3",5.47276911582436,"Southern",26,"Female"
"3",3.67330581884371,"Southern",21,"Female"
"5",2.75459743454564,"Western",20,"Female"
"7",4.47934592209463,"Western",18,"Female"
"1",2.95228104088517,"Eastern",59,"Male"
"3",2.95942097902158,"Western",20,"Male"
"6",4.47839925512098,"Southern",29,"Female"
"4",3.90943169929223,"Western",18,"Male"
"3",1.87793695035343,"Eastern",26,"Male"
"1",3.55702654435075,"Western",62,"Female"
"3",4.45015547864958,"Southern",23,"Male"
"4",2.75490558756984,"Southern",37,"Male"
"1",3.55702654435075,"Western",22,"Female"
"6",4.91180414390048,"Western",22,"Female"
"1",3.64723059925363,"Southern",28,"Female"
"5",2.92974069845408,"Eastern",22,"Female"
"1",2.76984694001045,"Western",23,"Female"
"2",2.13933950385873,"Eastern",40,"Male"
"6",4.34414715469588,"Eastern",22,"Male"
"1",3.22211264825927,"Eastern",24,"Female"
"6",5.59810752021315,"Eastern",22,"Male"
"5",6.2182853848034,"Eastern",28,"Female"
"1",3.10720962715111,"Western",53,"Female"
"7",6.07638832976005,"Southern",22,"Female"
"3",3.81397566835172,"Western",70,"Female"
"2",4.06638925796312,"Western",47,"Female"
"3",3.41116431878475,"Southern",27,"Male"
"4",3.31885986621006,"Southern",28,"Male"
"5",4.65041733084463,"Southern",25,"Male"
"3",3.41623963372601,"Southern",31,"Female"
"5",3.55141264741355,"Western",22,"Female"
"1",4.17074423315646,"Eastern",20,"Male"
"3",3.87161390114765,"Eastern",30,"Male"
"2",3.58587097251728,"Southern",23,"Female"
"2",2.94637005929055,"Southern",23,"Female"
"9",3.8216593374713,"Western",63,"Female"
"6",4.8959712524898,"Western",22,"Male"
"3",3.87161390114765,"Eastern",53,"Male"
"1",2.02780407320043,"Southern",63,"Female"
"6",4.80578017645584,"Western",40,"Female"
"5",3.61050616156575,"Western",19,"Male"
"3",5.47276911582436,"Southern",22,"Female"
"1",3.53195155663522,"Southern",31,"Male"
"4",3.29720974226365,"Southern",21,"Female"
"3",3.80183891140255,"Southern",21,"Female"
"3",3.8007860044646,"Southern",31,"Male"
"7",4.60753860774191,"Western",18,"Female"
"1",1.58582375091889,"Eastern",24,"Female"
"5",5.39614921290777,"Eastern",52,"Female"
"3",3.03064035489267,"Southern",58,"Female"
"7",4.89918177771132,"Southern",26,"Male"
"4",3.86333941622838,"Southern",24,"Female"
"7",2.25510736469324,"Eastern",45,"Male"
"2",4.00284398253523,"Eastern",24,"Male"
"7",4.99211666122255,"Western",18,"Female"
"3",3.81397566835172,"Western",19,"Female"
"3",3.20705491721729,"Eastern",21,"Male"
"1",2.88230116905733,"Western",36,"Female"
"4",2.73108006931794,"Southern",19,"Female"
"2",3.28912464239453,"Eastern",19,"Female"
"4",2.84430600390708,"Southern",30,"Female"
"2",3.26121835688595,"Western",54,"Male"
"6",3.36111195448156,"Western",24,"Male"
"2",2.81197985159765,"Eastern",20,"Female"
"4",4.08979128540667,"Southern",25,"Female"
"4",3.7801805852076,"Eastern",19,"Male"
"3",2.38797489209844,"Southern",22,"Female"
"3",4.19040768897559,"Southern",20,"Male"
"8",4.76184367753788,"Southern",38,"Female"
"3",3.06755600528407,"Western",18,"Female"
"2",3.52769703779297,"Eastern",22,"Female"
"4",3.56971059615914,"Western",20,"Male"
"3",4.60026046547573,"Eastern",20,"Female"
"2",4.11131963826529,"Western",53,"Male"
"4",3.75011348163924,"Southern",20,"Female"
"5",5.41698846010423,"Western",50,"Male"
"3",2.51650798465729,"Southern",22,"Female"
"3",3.60071290774945,"Western",21,"Female"
"1",1.17997094249225,"Eastern",31,"Male"
"7",3.06922639151187,"Western",21,"Female"
"3",2.93051174752414,"Eastern",23,"Female"
"8",4.51273965049163,"Western",18,"Female"
"4",3.03688272688995,"Southern",47,"Male"
"3",3.41623963372601,"Southern",22,"Female"
"3",4.027238428954,"Western",18,"Female"
"2",2.85870787955433,"Western",26,"Female"
"1",2.88230116905733,"Western",37,"Female"
"6",3.99790449651113,"Southern",21,"Female"
"5",4.0067356256098,"Western",20,"Female"
"4",3.31742864567585,"Eastern",22,"Male"
"7",3.06922639151187,"Western",21,"Female"
"7",2.9407379180676,"Southern",26,"Female"
"9",4.58184682335669,"Western",23,"Female"
"1",3.44457231429177,"Western",38,"Female"
"2",3.2021704241208,"Southern",27,"Female"
"5",3.66524339196261,"Western",20,"Female"
"1",3.66343985583342,"Western",40,"Male"
"6",4.71864663388535,"Southern",22,"Female"
"1",2.73074227883528,"Eastern",23,"Male"
"1",5.35629421011303,"Western",60,"Female"
"2",3.56318868400352,"Western",25,"Female"
"6",3.74554050105515,"Western",20,"Female"
"6",3.1418463407623,"Western",34,"Male"
"5",3.77907413651167,"Western",21,"Female"
"2",3.45797078895105,"Southern",24,"Female"
"4",2.31153830984296,"Eastern",20,"Female"
"2",2.22404425282017,"Eastern",27,"Male"
"6",3.99790449651113,"Southern",21,"Female"
"1",4.55815802004468,"Southern",21,"Female"
"6",5.33590001367907,"Western",21,"Female"
"5",3.49007400840211,"Western",20,"Male"
"2",3.2021704241208,"Southern",28,"Female"
"7",4.99211666122255,"Western",26,"Female"
"5",5.18873323900326,"Southern",20,"Female"
"2",4.08754873149668,"Eastern",25,"Male"
"6",4.82643960317209,"Eastern",18,"Male"
"1",1,"Western",42,"Female"
"3",3.76085407065873,"Eastern",20,"Male"
"2",2.73227274658885,"Eastern",21,"Male"
"3",4.42541305359224,"Eastern",34,"Male"
"1",4.05997485213151,"Eastern",60,"Male"
"3",4.31597128163794,"Southern",21,"Female"
"3",3.09629508672837,"Eastern",26,"Male"
"9",2.87748521526506,"Western",25,"Male"
"3",4.56039533141938,"Western",22,"Female"
"2",2.77771749492615,"Southern",25,"Male"
"7",3.96657518412044,"Western",19,"Female"
"1",3.64723059925363,"Southern",47,"Female"
"4",3.97656535081753,"Southern",21,"Female"
"1",4.68156883583171,"Western",43,"Female"
"5",3.66524339196261,"Western",20,"Female"
"7",4.07761977909916,"Southern",19,"Male"
"1",1.3193049679383,"Southern",54,"Female"
"2",2.25486718989706,"Western",22,"Female"
"1",3.68962376253645,"Eastern",20,"Female"
"5",3.66524339196261,"Western",21,"Female"
"1",4.39089043237437,"Eastern",44,"Female"
"1",2.74825391916889,"Western",20,"Male"
"7",2.57893210170957,"Southern",25,"Female"
"1",2.88230116905733,"Western",37,"Female"
"6",3.09018679004673,"Eastern",54,"Male"
"5",3.09608966819283,"Western",21,"Female"
"2",3.15579649215843,"Eastern",73,"Male"
"5",3.54868044049099,"Southern",38,"Female"
"3",3.9303720039614,"Southern",22,"Female"
"1",4.0402570974554,"Eastern",48,"Female"
"2",3.07427024170568,"Southern",23,"Female"
"4",3.29720974226365,"Southern",24,"Female"
"1",3.950873072547,"Southern",20,"Female"
"1",1.82537575767152,"Southern",22,"Female"
"3",4.05890509652025,"Southern",21,"Female"
"2",3.52769703779297,"Eastern",19,"Female"
"5",3.81097532775475,"Eastern",50,"Male"
"2",4.09747170217778,"Southern",21,"Female"
"4",3.6368875470501,"Southern",20,"Female"
"2",3.45797078895105,"Southern",25,"Female"
"4",3.6368875470501,"Southern",20,"Female"
"1",3.14115980952041,"Southern",23,"Female"
"8",3.26907288889557,"Eastern",66,"Male"
"5",3.20992041274189,"Western",24,"Female"
"1",4.23175191863207,"Western",25,"Female"
"5",3.32375115729095,"Western",22,"Female"
"6",4.2258475813803,"Eastern",22,"Female"
"4",4.20301721999581,"Southern",55,"Female"
"1",2.22529052628487,"Western",28,"Male"
"3",4.19040768897559,"Southern",21,"Male"
"3",3.45230822129699,"Eastern",49,"Female"
"7",3.5819971306398,"Western",32,"Female"
"3",3.34794892654242,"Eastern",42,"Female"
"2",2.33483505972719,"Eastern",21,"Female"
"5",3.98602785316519,"Southern",20,"Female"
"4",3.97656535081753,"Southern",21,"Female"
"1",1.62304846758894,"Eastern",24,"Male"
"6",3.53349256616585,"Western",19,"Female"
"1",4.35572970360484,"Southern",30,"Female"
"1",3.34358812504933,"Southern",25,"Female"
"7",2.86565917568584,"Western",42,"Male"
"7",3.25605778048699,"Southern",31,"Male"
"1",3.83843609008163,"Eastern",26,"Male"
"3",3.66260413992301,"Western",26,"Male"
"1",2.75460153503399,"Eastern",24,"Female"
"6",3.85156446849979,"Western",23,"Female"
"1",3.53195155663522,"Southern",24,"Male"
"1",3.17381980293505,"Eastern",19,"Male"
"2",4.36270042276108,"Eastern",22,"Female"
"1",4.96301465110252,"Southern",20,"Female"
"7",2.9764224765106,"Western",19,"Male"
"4",4.58887390479403,"Western",19,"Male"
"7",3.71018981513334,"Western",32,"Female"
"1",2.28709042075681,"Eastern",21,"Female"
"7",3.06922639151187,"Western",26,"Female"
"2",3.9657491431712,"Western",19,"Female"
"9",4.0118717226806,"Southern",18,"Male"
"7",3.86252888410551,"Western",27,"Male"
"1",4.0068434605383,"Western",20,"Female"
"2",2.35550730468897,"Western",28,"Female"
"1",2.63772375672767,"Eastern",22,"Female"
"4",3.48478032056696,"Western",20,"Male"
"1",2.4324842518577,"Western",19,"Female"
"1",4.0068434605383,"Western",35,"Female"
"3",3.15141652911076,"Southern",22,"Male"
"5",4.02592226057052,"Eastern",20,"Female"
"2",2.81846987687543,"Southern",24,"Female"
"1",2.73630317846257,"Southern",26,"Female"
"3",4.83010365303012,"Southern",25,"Female"
"2",4.35327206700803,"Southern",28,"Female"
"5",3.55141264741355,"Western",22,"Female"
"6",3.87778080712895,"Southern",25,"Female"
"7",4.863923976729,"Western",21,"Female"
"1",2.53387486202273,"Southern",35,"Female"
"4",4.25878366478969,"Southern",21,"Male"
"2",3.84167133734753,"Southern",20,"Female"
"2",4.48117224942315,"Southern",21,"Female"
"5",1.95778222167773,"Western",22,"Female"
"7",3.80376577983562,"Southern",18,"Male"
"1",3.44480228281378,"Southern",20,"Female"
"6",5.0790177020319,"Southern",22,"Female"
"4",5.01418575497852,"Eastern",19,"Male"
"4",3.31742864567585,"Eastern",53,"Male"
"7",2.98220378122345,"Southern",19,"Male"
"1",3.78193500244452,"Western",18,"Female"
"3",3.65009424016981,"Eastern",18,"Male"
"3",3.56214940278053,"Western",22,"Male"
"5",4.60762493500252,"Eastern",65,"Male"
"1",4.26417143211965,"Southern",21,"Male"
"3",2.93051174752414,"Eastern",52,"Female"
"2",3.32520599008132,"Eastern",26,"Male"
"3",5.6190205333514,"Southern",31,"Male"
"5",2.91474451971303,"Eastern",27,"Male"
"3",2.90210726233383,"Southern",21,"Female"
"4",2.84430600390708,"Southern",27,"Female"
"1",4.55815802004468,"Southern",20,"Female"
"2",5.12067316264988,"Southern",28,"Female"
"2",2.35550730468897,"Western",22,"Female"
"6",1.56858504200296,"Eastern",27,"Female"
"5",4.75138582632906,"Southern",19,"Female"
"2",4.36830960324464,"Western",33,"Female"
"9",2.6960117018663,"Southern",38,"Male"
"5",3.75187687034971,"Eastern",19,"Female"
"3",2.85429324468179,"Western",36,"Female"
"6",2.8129479201834,"Western",19,"Male"
"4",3.10879867096798,"Eastern",25,"Female"
"4",4.38398087917746,"Western",19,"Female"
"1",4.0549657536788,"Southern",26,"Male"
"1",2.93873149399149,"Southern",21,"Female"
"4",4.8331719124005,"Western",20,"Female"
"1",4.0068434605383,"Western",20,"Female"
"1",2.93873149399149,"Southern",19,"Female"
"3",3.97410469600908,"Eastern",28,"Female"
"4",4.24915280166095,"Western",23,"Male"
"1",2.23023238872935,"Southern",24,"Female"
"1",1.83306798250435,"Western",31,"Male"
"3",4.66715151225186,"Western",21,"Male"
"5",4.60762493500252,"Eastern",22,"Male"
"3",1.78255950428463,"Eastern",24,"Female"
"3",2.64103048407951,"Western",23,"Female"
"2",3.33007060653593,"Southern",21,"Female"
"3",4.66702671172052,"Western",24,"Female"
"5",4.84805843246615,"Eastern",20,"Female"
"6",5.54164836744784,"Southern",18,"Male"
"1",3.44480228281378,"Southern",39,"Female"
"2",4.08754873149668,"Eastern",26,"Male"
"1",3.83843609008163,"Eastern",49,"Male"
"5",4.16294495568093,"Eastern",19,"Female"
"3",4.64693271556692,"Eastern",21,"Male"
"6",3.87778080712895,"Southern",22,"Female"
"4",3.99436197488441,"Western",22,"Male"
"2",3.38266139801985,"Western",36,"Male"
"4",2.85467670753235,"Eastern",20,"Male"
"8",4.45586807310578,"Eastern",18,"Female"
"3",4.09313356212549,"Eastern",27,"Male"
"5",6.10134294870412,"Eastern",24,"Male"
"1",2.20757579376392,"Western",24,"Female"
"3",3.67330581884371,"Southern",23,"Female"
"2",4.31164882208798,"Southern",48,"Male"
"2",4.71853483956281,"Western",25,"Male"
"2",4.7369726154045,"Southern",21,"Female"
"1",3.32274587819436,"Southern",26,"Male"
"5",4.0067356256098,"Western",22,"Female"
"1",3.92337931914909,"Eastern",21,"Female"
"7",5.63474169829847,"Western",20,"Male"
"3",4.18743818907909,"Southern",27,"Female"
"1",2.76984694001045,"Western",23,"Female"
"5",4.10971893013657,"Eastern",27,"Male"
"3",3.76085407065873,"Eastern",46,"Male"
"1",4.15330138807592,"Southern",22,"Female"
"1",3.10523486995295,"Eastern",26,"Female"
"7",2.72283743919012,"Eastern",19,"Male"
"5",3.43934358633841,"Southern",23,"Female"
"9",4.1857781037893,"Southern",32,"Female"
"3",3.87161390114765,"Eastern",25,"Male"
"6",3.4760207481332,"Eastern",49,"Male"
"1",3.54601644148917,"Southern",33,"Female"
"4",3.29720974226365,"Southern",19,"Female"
"4",3.6368875470501,"Southern",23,"Female"
"1",2.73630317846257,"Southern",53,"Female"
"4",4.7208741543474,"Western",19,"Female"
"2",3.52769703779297,"Eastern",19,"Female"
"7",4.33211289350268,"Eastern",18,"Female"
"7",5.06148780851734,"Eastern",26,"Male"
"7",2.71577107627177,"Eastern",26,"Female"
"2",3.33007060653593,"Southern",20,"Female"
"1",3.219663856198,"Western",20,"Female"
"7",4.25514423560528,"Eastern",22,"Female"
"4",2.73108006931794,"Southern",20,"Female"
"1",5.01893152297237,"Western",29,"Female"
"4",4.31624315458495,"Southern",25,"Female"
"2",3.96957151976265,"Southern",23,"Female"
"7",3.83838249962689,"Western",21,"Female"
"1",3.74844475701809,"Southern",49,"Female"
"5",3.66524339196261,"Western",24,"Female"
"1",1.62294744123167,"Southern",28,"Female"
"1",1.21809081017384,"Southern",46,"Female"
"4",3.59789657280583,"Western",19,"Female"
"5",4.86072267949761,"Southern",19,"Female"
"6",4.69975620901119,"Western",18,"Female"
"7",5.64615040137535,"Eastern",18,"Male"
"2",2.6905696944603,"Southern",25,"Female"
"5",4.01013772934263,"Eastern",26,"Male"
"1",2.28709042075681,"Eastern",20,"Female"
"3",2.96092462498293,"Western",21,"Female"
"2",4.7369726154045,"Southern",21,"Female"
"6",4.91180414390048,"Western",20,"Female"
"1",5.36307088005899,"Western",62,"Male"
"5",3.51223172537292,"Eastern",23,"Male"
"9",4.76379173445364,"Southern",38,"Male"
"7",4.25514423560528,"Eastern",31,"Female"
"1",2.98835709164663,"Eastern",56,"Female"
"1",3.40195815880308,"Western",68,"Male"
"2",3.96957151976265,"Southern",23,"Female"
"4",4.0057165771215,"Eastern",20,"Female"
"6",2.26120495492165,"Western",25,"Female"
"5",4.57401304101214,"Eastern",22,"Female"
"5",4.30888133262069,"Eastern",21,"Male"
"7",4.30558208740454,"Western",23,"Male"
"3",2.90210726233383,"Southern",27,"Female"
"6",4.27566033827838,"Western",71,"Female"
"1",3.24237396728487,"Southern",25,"Female"
"6",4.7417548068584,"Southern",21,"Male"
"1",3.14115980952041,"Southern",47,"Female"
"7",3.71636362963074,"Eastern",23,"Female"
"2",2.1789689636487,"Southern",18,"Female"
"5",4.57588934937958,"Western",69,"Female"
"2",3.2021704241208,"Southern",28,"Female"
"4",5.33527656690625,"Southern",20,"Female"
"7",4.02615536822708,"Southern",22,"Female"
"4",4.70331939321801,"Eastern",19,"Female"
"6",3.86185470708779,"Eastern",19,"Male"
"4",3.93443123125543,"Eastern",22,"Male"
"4",3.00914112593946,"Eastern",29,"Female"
"3",3.86974540125451,"Eastern",21,"Female"
"5",2.34597505366888,"Southern",21,"Female"
"4",4.88237282854969,"Southern",21,"Female"
"4",4.27168312112437,"Western",21,"Female"
"2",5.12067316264988,"Southern",28,"Female"
"6",3.10939669543304,"Western",21,"Female"
"2",3.7137711549324,"Southern",21,"Female"
"8",3.87046697317547,"Eastern",33,"Male"
"4",3.90605903209299,"Eastern",21,"Female"
"1",4.11929768958518,"Western",22,"Female"
"2",2.41111707659961,"Western",24,"Male"
"1",2.43266070425827,"Southern",23,"Female"
"6",3.63753342836458,"Southern",21,"Female"
"7",4.07761977909916,"Southern",21,"Male"
"2",3.2021704241208,"Southern",44,"Female"
"6",4.06361240338909,"Western",19,"Female"
"3",3.56214940278053,"Western",18,"Male"
"5",3.09608966819283,"Western",18,"Female"
"1",1.512279086564,"Eastern",50,"Male"
"3",4.56039533141938,"Western",21,"Female"
"6",4.20849243193227,"Southern",40,"Male"
"1",4.05208723031146,"Southern",26,"Female"
"5",4.31403841267083,"Southern",19,"Female"
"5",5.03121232757583,"Western",21,"Female"
"5",2.10760452655846,"Eastern",21,"Female"
"1",4.34420614767896,"Western",20,"Female"
"4",4.2429325233511,"Eastern",38,"Male"
"2",3.7137711549324,"Southern",21,"Female"
"6",4.53706413373911,"Eastern",54,"Male"
"6",3.53349256616585,"Western",21,"Female"
"3",3.9306598993016,"Southern",21,"Male"
"5",4.53271211999196,"Southern",24,"Female"
"1",3.219663856198,"Western",36,"Female"
"7",3.83838249962689,"Western",21,"Female"
"2",3.96957151976265,"Southern",70,"Female"
"4",3.90943169929223,"Western",19,"Male"
"3",3.81397566835172,"Western",22,"Female"
"3",2.65805676759415,"Western",31,"Male"
"4",3.75011348163924,"Southern",19,"Female"
"9",5.4444444445,"Eastern",28,"Female"
"4",3.82450142370005,"Western",22,"Male"
"5",3.77907413651167,"Western",21,"Female"
"3",3.42857457819513,"Eastern",41,"Male"
"3",4.18743818907909,"Southern",21,"Female"
"1",3.66343985583342,"Western",40,"Male"
"1",3.44480228281378,"Southern",30,"Female"
"4",4.38398087917746,"Western",49,"Female"
"6",3.1418463407623,"Western",21,"Male"
"5",4.98508112757656,"Eastern",21,"Female"
"3",3.92060704865286,"Western",37,"Female"
"1",3.74844475701809,"Southern",21,"Female"
"1",3.89438923149141,"Western",56,"Female"
"1",3.68962376253645,"Eastern",19,"Female"
"3",4.31465322310332,"Eastern",26,"Male"
"1",3.21814303897393,"Southern",21,"Male"
"1",3.22211264825927,"Eastern",22,"Female"
"6",3.87778080712895,"Southern",21,"Female"
"1",2.4859231634895,"Southern",58,"Male"
"3",3.06755600528407,"Western",19,"Female"
"1",2.87899476709573,"Western",22,"Male"
"1",3.950873072547,"Southern",25,"Female"
"1",5.01893152297237,"Western",21,"Female"
"4",3.03688272688995,"Southern",47,"Male"
"1",3.44457231429177,"Western",46,"Female"
"1",3.57274598423013,"Eastern",19,"Female"
"7",3.53023898063438,"Western",28,"Male"
"1",4.45694386228022,"Southern",39,"Female"
"4",4.80297693824652,"Eastern",24,"Female"
"1",3.89438923149141,"Western",40,"Female"
"1",3.84965891478255,"Southern",26,"Female"
"5",3.98602785316519,"Southern",20,"Female"
"5",4.0067356256098,"Western",25,"Female"
"1",3.84965891478255,"Southern",23,"Female"
"1",1.512279086564,"Eastern",22,"Male"
"3",3.86351361420796,"Western",25,"Male"
"6",3.98427825981637,"Eastern",18,"Female"
"4",3.75011348163924,"Southern",21,"Female"
"2",2.81846987687543,"Southern",31,"Female"
"6",4.63352262326073,"Eastern",18,"Male"
"3",5.06897046082177,"Western",19,"Male"
"5",3.89290488106073,"Western",22,"Female"
"7",4.35115323760108,"Western",26,"Female"
"5",4.65041733084463,"Southern",26,"Male"
"7",4.10120691981047,"Eastern",20,"Female"
"1",2.83751733622703,"Southern",22,"Female"
"1",2.65739271096356,"Western",31,"Female"
"1",4.45666037672585,"Western",54,"Female"
"7",4.38796118458511,"Southern",22,"Female"
"4",3.59789657280583,"Western",24,"Female"
"7",3.83838249962689,"Western",32,"Female"
"6",4.11802818589332,"Southern",22,"Female"
"3",2.96092462498293,"Western",19,"Female"
"3",2.87477542575054,"Eastern",20,"Male"
"2",3.05998810913817,"Western",37,"Female"
"5",4.34822785925698,"Western",21,"Female"
"3",3.76538610649994,"Eastern",22,"Female"
"1",2.09454967835803,"Western",23,"Male"
"7",4.22296055310753,"Western",21,"Female"
"1",3.68962376253645,"Eastern",20,"Female"
"4",3.16317799962801,"Eastern",24,"Male"
"5",4.86072267949761,"Southern",21,"Female"
"4",3.20845621599649,"Eastern",20,"Female"
"5",3.89290488106073,"Western",21,"Female"
"2",3.15579649215843,"Eastern",25,"Male"
"6",4.82643960317209,"Eastern",21,"Male"
"2",2.65742764997049,"Western",22,"Female"
"3",3.9303720039614,"Southern",22,"Female"
"3",3.80183891140255,"Southern",23,"Female"
"4",2.84430600390708,"Southern",18,"Female"
"4",5.26831611029584,"Western",21,"Male"
"6",4.71864663388535,"Southern",23,"Female"
"4",3.71019433085892,"Western",20,"Female"
"5",4.09536470633374,"Southern",25,"Female"
"5",3.1287775478273,"Western",22,"Male"
"7",5.44688977705995,"Southern",28,"Male"
"3",3.76305887706549,"Western",25,"Male"
"8",4.18412456471075,"Western",50,"Female"
"1",2.32003002281081,"Western",29,"Female"
"2",3.36190845351393,"Western",23,"Female"
"4",3.52366161246096,"Southern",21,"Female"
"3",3.66102681174537,"Eastern",22,"Female"
"6",4.80578017645584,"Western",32,"Female"
"3",3.03064035489267,"Southern",29,"Female"
"3",3.86351361420796,"Western",19,"Male"
"3",1.10261813593415,"Eastern",20,"Male"
"4",3.86333941622838,"Southern",24,"Female"
"1",3.84965891478255,"Southern",39,"Female"
"3",3.34794892654242,"Eastern",19,"Female"
"5",3.81097532775475,"Eastern",20,"Male"
"9",3.60446291321188,"Western",22,"Female"
"4",4.54269502478227,"Southern",21,"Female"
"7",4.87036894081456,"Southern",23,"Female"
"2",3.76446891358736,"Western",22,"Female"
"4",3.52366161246096,"Southern",20,"Female"
"2",3.96957151976265,"Southern",20,"Female"
"3",3.03064035489267,"Southern",24,"Female"
"1",2.52084597842135,"Eastern",23,"Female"
"3",3.81397566835172,"Western",24,"Female"
"9",2.30128436570053,"Western",25,"Female"
"5",3.95620761465462,"Southern",18,"Male"
"4",4.16422252606877,"Western",18,"Male"
"6",3.85156446849979,"Western",23,"Female"
"2",3.36190845351393,"Western",18,"Female"
"4",3.86333941622838,"Southern",25,"Female"
"7",4.26018911194151,"Southern",55,"Male"
"1",3.00973561502256,"Western",18,"Male"
"2",2.39345375074306,"Eastern",40,"Male"
"4",2.6178541347288,"Southern",21,"Female"
"1",2.53387486202273,"Southern",21,"Female"
"6",3.66893772717643,"Eastern",19,"Male"
"6",4.59373224156654,"Western",20,"Female"
"3",2.53439910281869,"Western",30,"Female"
"2",3.33007060653593,"Southern",20,"Female"
"3",4.31597128163794,"Southern",24,"Female"
"4",3.9347898469651,"Western",21,"Female"
"4",4.2429325233511,"Eastern",38,"Male"
"6",4.20849243193227,"Southern",31,"Male"
"2",2.41111707659961,"Western",20,"Male"
"4",3.14870553958279,"Western",20,"Female"
"5",3.97180262105667,"Western",21,"Male"
"2",3.2021704241208,"Southern",31,"Female"
"3",3.36123992759149,"Western",42,"Male"
"1",3.64723059925363,"Southern",33,"Female"
"3",5.16942519796424,"Western",20,"Male"
"1",3.10720962715111,"Western",19,"Female"
"4",3.97656535081753,"Southern",21,"Female"
"3",4.07846399076365,"Eastern",21,"Female"
"7",5.11157281838657,"Southern",26,"Female"
"1",4.45666037672585,"Western",55,"Female"
"3",4.05890509652025,"Southern",24,"Female"
"4",5.10882469772797,"Southern",23,"Female"
"5",5.22892542680188,"Southern",21,"Male"
"4",3.82450142370005,"Western",18,"Male"
"6",3.76539621669805,"Eastern",49,"Male"
"4",2.39140226453148,"Southern",24,"Female"
"5",4.57588934937958,"Western",18,"Female"
"6",3.95758843594444,"Western",19,"Female"
"6",4.4406056442175,"Eastern",25,"Male"
"1",2.3560313742117,"Western",18,"Male"
"4",3.14505921819825,"Western",26,"Male"
"1",3.42734871741479,"Southern",23,"Male"
"5",6.08126268969299,"Eastern",52,"Female"
"1",4.05208723031146,"Southern",57,"Female"
"1",4.15330138807592,"Southern",19,"Female"
"9",4.66980173308775,"Southern",19,"Male"
"4",4.31624315458495,"Southern",25,"Female"
"3",3.06755600528407,"Western",31,"Female"
"4",3.90943169929223,"Western",21,"Male"
"6",4.12854160348568,"Western",26,"Male"
"2",3.64698323656576,"Eastern",18,"Female"
"5",4.86072267949761,"Southern",21,"Female"
"5",4.53271211999196,"Southern",19,"Female"
"2",3.52769703779297,"Eastern",19,"Female"
"5",3.66524339196261,"Western",20,"Female"
"6",4.06361240338909,"Western",20,"Female"
"5",4.20470155950229,"Southern",20,"Female"
"3",4.31597128163794,"Southern",22,"Female"
"2",3.07109174319698,"Eastern",19,"Male"
"2",2.35550730468897,"Western",28,"Female"
"6",3.21542066287769,"Western",21,"Female"
"6",4.16963637083373,"Western",18,"Female"
"5",3.06676339356449,"Eastern",27,"Female"
"8",4.73181637434555,"Western",18,"Female"
"1",3.64723059925363,"Southern",25,"Female"
"5",5.39614921290777,"Eastern",19,"Female"
"1",2.17689537271365,"Eastern",45,"Male"
"1",4.15330138807592,"Southern",18,"Female"
"7",5.25573678965696,"Eastern",23,"Female"
"4",3.07075787308536,"Southern",21,"Female"
"5",3.49340113788882,"Southern",37,"Male"
"3",3.56214940278053,"Western",21,"Male"
"3",3.41623963372601,"Southern",23,"Female"
"1",2.39843413476353,"Eastern",24,"Male"
"3",3.49408152648862,"Western",71,"Female"
"5",3.73093831472939,"Western",24,"Male"
"2",3.38266139801985,"Western",29,"Male"
"4",4.38398087917746,"Western",19,"Female"
"5",4.57588934937958,"Western",69,"Female"
"2",3.86843355818348,"Western",23,"Male"
"4",3.07075787308536,"Southern",21,"Female"
"6",4.20849243193227,"Southern",40,"Male"
"4",3.308113761025,"Eastern",22,"Female"
"5",3.77907413651167,"Western",21,"Female"
"4",3.90605903209299,"Eastern",22,"Female"
"6",2.20875852925883,"Southern",18,"Male"
"1",2.59052600270993,"Southern",28,"Male"
"6",3.32144463032234,"Western",21,"Female"
"7",4.38796118458511,"Southern",26,"Female"
"1",3.61689732803175,"Eastern",20,"Male"
"6",3.47074476134119,"Western",26,"Male"
"6",3.6395165336105,"Western",19,"Female"
"3",4.95863674558897,"Southern",22,"Female"
"4",2.81181226542352,"Western",26,"Female"
"1",1.81957930753153,"Eastern",23,"Female"
"1",3.89438923149141,"Western",23,"Female"
"1",5.24383998106615,"Western",21,"Female"
"1",4.27401265406804,"Eastern",25,"Female"
"7",4.71069025343398,"Eastern",31,"Male"
"4",3.10879867096798,"Eastern",23,"Female"
"2",2.05358696031322,"Western",21,"Female"
"3",4.32028158381259,"Southern",29,"Male"
"1",1.40150970454213,"Eastern",31,"Male"
"2",2.93126604929687,"Eastern",20,"Female"
"1",1.23068909190291,"Southern",60,"Male"
"2",3.36190845351393,"Western",18,"Female"
"3",4.2038933926144,"Eastern",47,"Male"
"1",4.83536052030303,"Eastern",23,"Male"
"2",3.56318868400352,"Western",25,"Female"
"9",3.27866827584535,"Western",18,"Female"
"1",3.54601644148917,"Southern",30,"Female"
"4",3.31742864567585,"Eastern",23,"Male"
"3",4.31465322310332,"Eastern",21,"Male"
"4",4.54269502478227,"Southern",21,"Female"
"1",3.44480228281378,"Southern",22,"Female"
"4",3.90605903209299,"Eastern",21,"Female"
"1",2.5092035167854,"Eastern",24,"Male"
"2",4.26766948754696,"Western",27,"Female"
"3",3.81397566835172,"Western",28,"Female"
"1",2.63772375672767,"Eastern",28,"Female"
"2",2.55678753517857,"Western",21,"Female"
"7",4.2429601789371,"Eastern",22,"Male"
"9",2.81090406179312,"Eastern",30,"Male"
"1",2.95228104088517,"Eastern",20,"Male"
"4",4.33408307725312,"Western",33,"Male"
"3",4.60026046547573,"Eastern",21,"Female"
"1",4.44788494339446,"Western",25,"Male"
"1",2.95228104088517,"Eastern",40,"Male"
"3",2.51650798465729,"Southern",35,"Female"
"6",2.43629653346163,"Southern",21,"Female"
"1",3.22211264825927,"Eastern",30,"Female"
"7",4.74863529070356,"Western",21,"Male"
"5",4.31403841267083,"Southern",23,"Female"
"4",4.16422252606877,"Western",20,"Male"
"1",2.95228104088517,"Eastern",45,"Male"
"1",3.72766670905669,"Eastern",22,"Male"
"1",3.57274598423013,"Eastern",27,"Female"
"6",3.03691498037255,"Southern",22,"Female"
"3",3.38745014618749,"Western",26,"Female"
"3",3.41116431878475,"Southern",21,"Male"
"2",3.56318868400352,"Western",21,"Female"
"3",3.66102681174537,"Eastern",18,"Female"
"6",4.06361240338909,"Western",19,"Female"
"3",3.9303720039614,"Southern",23,"Female"
"2",2.56286324866596,"Eastern",50,"Male"
"1",4.35572970360484,"Southern",46,"Female"
"7",5.64058007914398,"Eastern",23,"Female"
"5",3.85137046789303,"Western",19,"Male"
"6",2.676543912226,"Southern",28,"Female"
"1",2.76984694001045,"Western",19,"Female"
"2",2.55678753517857,"Western",36,"Female"
"3",2.74766186438065,"Western",19,"Female"
"5",4.23439711470792,"Western",25,"Female"
"5",2.56778818331591,"Southern",51,"Male"
"4",4.82273794427585,"Southern",25,"Male"
"2",4.60907243183827,"Southern",28,"Female"
"4",2.95753193849622,"Southern",24,"Female"
"1",3.219663856198,"Western",51,"Female"
"4",2.56692082717717,"Southern",22,"Male"
"3",3.5566675169908,"Eastern",20,"Female"
"1",2.93873149399149,"Southern",21,"Female"
"5",5.40740694534036,"Southern",26,"Female"
"1",1.75370328894649,"Southern",27,"Male"
"3",4.19040768897559,"Southern",21,"Male"
"4",4.15938536307128,"Western",20,"Female"
"1",3.10720962715111,"Western",53,"Female"
"1",1.98266733567015,"Western",61,"Female"
"5",6.05568902954186,"Western",23,"Female"
"2",3.76446891358736,"Western",23,"Female"
"2",5.248573345065,"Southern",24,"Female"
"5",3.32375115729095,"Western",38,"Female"
"7",3.66434955186906,"Southern",23,"Female"
"5",2.28575247568183,"Western",27,"Male"
"3",4.34713256985742,"Western",18,"Female"
"5",3.43934358633841,"Southern",18,"Female"
"1",1.23068909190291,"Southern",51,"Male"
"1",2.23023238872935,"Southern",38,"Female"
"7",3.90555342944108,"Southern",67,"Female"
"3",3.66260413992301,"Western",18,"Male"
"4",2.39192476938885,"Eastern",22,"Male"
"4",2.01256567475742,"Eastern",23,"Female"
"5",2.28575247568183,"Western",19,"Male"
"5",4.97005953266616,"Southern",18,"Female"
"5",2.68348980250736,"Southern",19,"Male"
"6",4.58820156481325,"Eastern",18,"Female"
"6",3.99790449651113,"Southern",20,"Female"
"7",5.24850203020964,"Western",18,"Female"
"5",5.9418582849928,"Western",22,"Female"
"1",3.00973561502256,"Western",40,"Male"
"6",5.19914139141408,"Southern",22,"Female"
"9",2.73567721519677,"Western",25,"Female"
"9",3.40642284503662,"Western",18,"Male"
"1",2.28766475373859,"Eastern",20,"Male"
"3",2.74766186438065,"Western",21,"Female"
"3",4.05890509652025,"Southern",23,"Female"
"2",3.07427024170568,"Southern",23,"Female"
"1",3.84965891478255,"Southern",26,"Female"
"1",2.48677222331521,"Western",76,"Male"
"3",3.28770654001037,"Southern",23,"Female"
"4",4.49627863824122,"Western",21,"Female"
"3",4.45376395015856,"Western",23,"Female"
"3",4.91333834973944,"Eastern",23,"Female"
"6",3.58037756820082,"Western",90,"Male"
"2",3.05055224699609,"Eastern",22,"Female"
"3",3.81397566835172,"Western",28,"Female"
"2",2.22404425282017,"Eastern",26,"Male"
"1",2.53387486202273,"Southern",29,"Female"
"3",4.31465322310332,"Eastern",20,"Male"
"4",4.20503166717853,"Eastern",46,"Female"
"3",4.24050118955628,"Western",30,"Female"
"4",3.86333941622838,"Southern",30,"Female"
"1",4.57862579132129,"Western",62,"Male"
"4",3.22998949379043,"Western",52,"Male"
"9",5.23097222822367,"Southern",30,"Female"
"5",4.0067356256098,"Western",20,"Female"
"4",4.27168312112437,"Western",19,"Female"
"1",3.17381980293505,"Eastern",19,"Male"
"4",3.9347898469651,"Western",19,"Female"
"3",3.92060704865286,"Western",35,"Female"
"2",4.60907243183827,"Southern",23,"Female"
"3",2.10787358161413,"Western",19,"Female"
"3",2.38797489209844,"Southern",60,"Female"
"3",3.13923033703328,"Eastern",19,"Female"
"7",5.71458251340203,"Southern",21,"Female"
"3",4.34713256985742,"Western",19,"Female"
"2",1.97697646662953,"Eastern",23,"Female"
"2",3.28902793680212,"Southern",34,"Male"
"3",1.99127809379377,"Eastern",22,"Female"
"2",3.96957151976265,"Southern",20,"Female"
"4",3.00914112593946,"Eastern",24,"Female"
"4",3.88281414569621,"Southern",26,"Male"
"6",4.20849243193227,"Southern",40,"Male"
"4",3.29720974226365,"Southern",21,"Female"
"1",3.00893736053307,"Southern",27,"Male"
"3",3.45230822129699,"Eastern",18,"Female"
"4",3.47167929311193,"Eastern",42,"Male"
"1",4.65937217780914,"Southern",29,"Female"
"3",3.80183891140255,"Southern",20,"Female"
"5",3.43934358633841,"Southern",19,"Female"
"6",4.12854160348568,"Western",26,"Male"
"6",3.94186124506912,"Southern",19,"Male"
"3",4.32028158381259,"Southern",32,"Male"
"1",2.63772375672767,"Eastern",22,"Female"
"4",3.86333941622838,"Southern",20,"Female"
"5",4.60762493500252,"Eastern",46,"Male"
"1",4.31714409546762,"Western",18,"Male"
"1",2.75460153503399,"Eastern",48,"Female"
"3",4.83010365303012,"Southern",26,"Female"
"1",2.83751733622703,"Southern",22,"Female"
"5",4.12056637015886,"Western",23,"Female"
"4",5.00229202830355,"Eastern",20,"Female"
"6",3.75765711774677,"Southern",21,"Female"
"2",2.81846987687543,"Southern",24,"Female"
"1",2.74825391916889,"Western",18,"Male"
"2",5.07279040678807,"Western",18,"Female"
"4",3.86333941622838,"Southern",25,"Female"
"9",4.54324753894539,"Eastern",20,"Male"
"3",3.15917344745152,"Southern",19,"Female"
"3",3.09629508672837,"Eastern",25,"Male"
"1",3.53269900672992,"Western",34,"Male"
"6",4.12854160348568,"Western",19,"Male"
"3",3.49408152648862,"Western",27,"Female"
"3",3.31781474770621,"Eastern",19,"Male"
"3",3.67091210962761,"Southern",21,"Male"
"3",3.81397566835172,"Western",18,"Female"
"6",4.35827556465768,"Southern",22,"Female"
"3",2.0023756132651,"Southern",20,"Female"
"1",2.4859231634895,"Southern",24,"Male"
"6",3.47074476134119,"Western",21,"Male"
"1",2.73630317846257,"Southern",63,"Female"
"3",2.37217315891993,"Southern",26,"Male"
"1",3.44457231429177,"Western",24,"Female"
"5",3.1287775478273,"Western",21,"Male"
"8",4.6245384707905,"Southern",21,"Female"
"3",2.64103048407951,"Western",29,"Female"
"1",2.3560313742117,"Western",18,"Male"
"3",3.86351361420796,"Western",25,"Male"
"4",4.31624315458495,"Southern",19,"Female"
"1",2.87899476709573,"Western",29,"Male"
"1",2.5092035167854,"Eastern",24,"Male"
"5",3.32375115729095,"Western",18,"Female"
"6",5.00838599372155,"Southern",33,"Male"
"4",3.26100329763588,"Western",32,"Female"
"1",1.512279086564,"Eastern",56,"Male"
"7",3.78495149065507,"Southern",25,"Female"
"1",4.85840154665155,"Eastern",53,"Female"
"1",2.65739271096356,"Western",21,"Female"
"4",3.52366161246096,"Southern",20,"Female"
"5",4.86072267949761,"Southern",21,"Female"
"2",4.12412802736264,"Eastern",23,"Female"
"7",4.99097087960056,"Southern",25,"Female"
"5",2.52693594544752,"Western",20,"Female"
"4",3.14870553958279,"Western",20,"Female"
"1",2.73074227883528,"Eastern",52,"Male"
"1",4.45694386228022,"Southern",19,"Female"
"8",4.90142826205889,"Eastern",31,"Male"
"6",3.75765711774677,"Southern",30,"Female"
"5",4.86072267949761,"Southern",18,"Female"
"4",4.42946908917409,"Southern",42,"Female"
"3",4.18743818907909,"Southern",24,"Female"
"1",2.59052600270993,"Southern",29,"Male"
"3",4.31597128163794,"Southern",23,"Female"
"4",2.50462820013966,"Southern",25,"Female"
"2",4.36270042276108,"Eastern",21,"Female"
"3",2.74766186438065,"Western",19,"Female"
"1",3.44457231429177,"Western",40,"Female"
"1",4.18640324754078,"Western",34,"Male"
"8",5.71766163267403,"Western",45,"Female"
"4",4.55143381544676,"Eastern",26,"Male"
"4",3.82249208891201,"Western",50,"Female"
"2",3.07427024170568,"Southern",19,"Female"
"7",4.9904664441325,"Southern",38,"Male"
"5",3.81097532775475,"Eastern",20,"Male"
"3",3.54477272628486,"Southern",21,"Female"
"4",3.62592993915977,"Eastern",20,"Male"
"1",4.2815136141814,"Eastern",20,"Male"
"2",2.55678753517857,"Western",38,"Female"
"5",2.78332246732711,"Southern",18,"Female"
"2",3.07109174319698,"Eastern",22,"Male"
"4",3.62592993915977,"Eastern",38,"Male"
"6",3.90927598976641,"Western",19,"Male"
"1",2.63772375672767,"Eastern",56,"Female"
"1",3.80650154084277,"Eastern",20,"Female"
"6",3.01800097247359,"Eastern",19,"Female"
"5",5.11322380761043,"Southern",19,"Male"
"5",4.20470155950229,"Southern",23,"Female"
"6",3.95831319660941,"Eastern",26,"Male"
"2",3.76626943426498,"Eastern",20,"Female"
"7",2.42826296904414,"Western",18,"Female"
"1",3.17381980293505,"Eastern",22,"Male"
"6",4.34414715469588,"Eastern",24,"Male"
"8",3.80070722907049,"Southern",36,"Female"
"8",2.04461986148265,"Western",19,"Male"
"1",3.1404764629494,"Western",19,"Male"
"7",3.97329218493027,"Western",28,"Male"
"2",2.81846987687543,"Southern",19,"Female"
"1",1.95535661066377,"Eastern",26,"Male"
"3",3.86974540125451,"Eastern",56,"Female"
"5",3.32375115729095,"Western",18,"Female"
"6",5.69456600973477,"Eastern",30,"Male"
"3",4.95863674558897,"Southern",23,"Female"
"4",3.71019433085892,"Western",19,"Female"
"3",4.13386980925514,"Western",21,"Female"
"1",6.07637038742249,"Southern",22,"Female"
"1",3.1135401997535,"Southern",20,"Male"
"1",4.2815136141814,"Eastern",34,"Male"
"1",3.03994565175595,"Southern",25,"Female"
"3",4.13386980925514,"Western",18,"Female"
"5",3.66524339196261,"Western",24,"Female"
"3",3.49408152648862,"Western",19,"Female"
"3",4.28718258027279,"Eastern",42,"Female"
"3",3.67330581884371,"Southern",22,"Female"
"1",3.64723059925363,"Southern",33,"Female"
"2",3.01833227680414,"Western",23,"Male"
"5",3.84050599546317,"Southern",26,"Male"
"4",2.69951450737043,"Western",30,"Female"
"4",4.54076080495574,"Southern",22,"Male"
"2",4.5957772260277,"Eastern",39,"Male"
"1",3.45586820487191,"Eastern",22,"Female"
"2",2.45614741948089,"Western",18,"Female"
"5",3.91055652854869,"Eastern",20,"Male"
"1",3.40195815880308,"Western",18,"Male"
"6",3.53349256616585,"Western",21,"Female"
"1",3.1404764629494,"Western",19,"Male"
"8",5.02519777420391,"Southern",26,"Male"
"6",3.87778080712895,"Southern",24,"Female"
"3",3.03487104227871,"Eastern",24,"Female"
"2",3.54468315850706,"Southern",28,"Male"
"1",4.0068434605383,"Western",21,"Female"
"2",3.86843355818348,"Western",23,"Male"
"2",3.91813923357379,"Eastern",51,"Male"
"3",3.65009424016981,"Eastern",20,"Male"
"3",5.08716983814782,"Southern",22,"Female"
"4",3.0364077815297,"Western",26,"Female"
"6",4.7417548068584,"Southern",19,"Male"
"1",2.63772375672767,"Eastern",44,"Female"
"4",3.78882176592284,"Southern",26,"Male"
"1",3.14115980952041,"Southern",23,"Female"
"1",1.82537575767152,"Southern",21,"Female"
"6",2.676543912226,"Southern",22,"Female"
"4",5.09845555834711,"Western",71,"Male"
"4",4.60857639629431,"Western",24,"Female"
"1",4.68156883583171,"Western",26,"Female"
"1",4.05997485213151,"Eastern",23,"Male"
"2",3.07427024170568,"Southern",21,"Female"
"4",2.11222321978593,"Eastern",37,"Female"
"5",3.77907413651167,"Western",34,"Female"
"3",3.41623963372601,"Southern",22,"Female"
"4",4.352776045409,"Southern",21,"Male"
"6",4.8959712524898,"Western",27,"Male"
"4",4.38398087917746,"Western",19,"Female"
"7",4.59375773507286,"Eastern",53,"Male"
"1",2.75460153503399,"Eastern",54,"Female"
"7",4.19481878657978,"Western",19,"Male"
"2",4.475648759481,"Western",47,"Male"
"2",2.81197985159765,"Eastern",24,"Female"
"2",3.15579649215843,"Eastern",21,"Male"
"3",4.34713256985742,"Western",19,"Female"
"1",3.14115980952041,"Southern",30,"Female"
"2",3.7137711549324,"Southern",28,"Female"
"2",2.45412125742641,"Eastern",24,"Female"
"7",4.94786215737463,"Eastern",20,"Female"
"5",5.40740694534036,"Southern",23,"Female"
"3",3.54477272628486,"Southern",20,"Female"
"2",4.5970917995219,"Western",20,"Male"
"5",2.92974069845408,"Eastern",20,"Female"
"3",3.53933440868405,"Eastern",37,"Male"
"5",1.17936875093589,"Southern",24,"Male"
"3",3.92060704865286,"Western",22,"Female"
"3",4.95863674558897,"Southern",22,"Female"
"2",2.75806776476241,"Western",19,"Female"
"3",2.90210726233383,"Southern",23,"Female"
"2",1.49983167583265,"Eastern",28,"Female"
"5",2.07161296622679,"Western",22,"Female"
"4",6.24819092474944,"Eastern",18,"Male"
"1",2.73630317846257,"Southern",26,"Female"
"2",2.65742764997049,"Western",18,"Female"
"1",1.84458722963882,"Eastern",27,"Male"
"5",3.98602785316519,"Southern",20,"Female"
"4",3.6368875470501,"Southern",53,"Female"
"8",6.05817984361595,"Western",18,"Male"
"4",3.69482938614947,"Southern",19,"Male"
"9",4.19985172541238,"Southern",51,"Male"
"2",3.74699051814257,"Western",23,"Male"
"3",2.50204705492579,"Southern",20,"Male"
"3",4.027238428954,"Western",22,"Female"
"7",4.71069025343398,"Eastern",20,"Male"
"9",6.07178590043724,"Eastern",22,"Male"
"7",3.5819971306398,"Western",18,"Female"
"6",2.41497736252729,"Eastern",54,"Male"
"4",2.58721674931734,"Western",20,"Female"
"1",2.98835709164663,"Eastern",26,"Female"
"1",3.9249215516871,"Western",32,"Male"
"6",2.87533649641669,"Southern",26,"Male"
"2",2.55678753517857,"Western",38,"Female"
"5",2.41310519987398,"Western",22,"Female"
"1",4.15956859289922,"Southern",38,"Male"
"2",2.22404425282017,"Eastern",29,"Male"
"1",3.55702654435075,"Western",21,"Female"
"4",3.97656535081753,"Southern",29,"Female"
"1",1.95535661066377,"Eastern",23,"Male"
"3",4.31465322310332,"Eastern",54,"Male"
"1",2.65739271096356,"Western",38,"Female"
"1",4.15330138807592,"Southern",46,"Female"
"9",4.99323573625548,"Western",29,"Male"
"4",4.49627863824122,"Western",19,"Female"
"4",3.56971059615914,"Western",19,"Male"
"6",3.75765711774677,"Southern",20,"Female"
"1",4.2815136141814,"Eastern",26,"Male"
"3",4.05890509652025,"Southern",22,"Female"
"8",4.45275585100344,"Western",47,"Male"
"4",3.90943169929223,"Western",18,"Male"
"5",4.16294495568093,"Eastern",50,"Female"
"1",4.31714409546762,"Western",23,"Male"
"5",4.97005953266616,"Southern",19,"Female"
"5",4.34822785925698,"Western",62,"Female"
"1",3.33211808524488,"Western",20,"Female"
"4",2.66091320779647,"Southern",19,"Male"
"2",2.30874900178162,"Eastern",20,"Male"
"7",3.32561176049897,"Western",21,"Female"
"8",3.96504784085683,"Western",65,"Female"
"6",4.82643960317209,"Eastern",22,"Male"
"3",3.49408152648862,"Western",24,"Female"
"2",4.2253718845929,"Southern",27,"Female"
"4",4.33408307725312,"Western",18,"Male"
"3",3.81397566835172,"Western",70,"Female"
"4",3.41285224598343,"Southern",25,"Male"
"4",2.23767412334102,"Eastern",26,"Male"
"6",3.36111195448156,"Western",24,"Male"
"7",4.02423826191307,"Eastern",23,"Female"
"9",3.62612452168343,"Eastern",53,"Male"
"7",4.35115323760108,"Western",18,"Female"
"3",2.98553525623946,"Eastern",22,"Male"
"3",2.89166873943677,"Southern",20,"Male"
"2",2.57340745619921,"Eastern",20,"Female"
"5",3.97180262105667,"Western",40,"Male"
"5",4.53271211999196,"Southern",24,"Female"
"1",3.78193500244452,"Western",20,"Female"
"8",4.03138978385617,"Southern",19,"Male"
"2",3.45797078895105,"Southern",25,"Female"
"7",4.94786215737463,"Eastern",22,"Female"
"1",4.45666037672585,"Western",18,"Female"
"1",2.83751733622703,"Southern",31,"Female"
"4",4.63475318472911,"Southern",21,"Male"
"7",2.42260597138995,"Western",26,"Male"
"1",3.63655439679708,"Southern",32,"Male"
"3",3.28081876588635,"Western",19,"Female"
"3",3.28081876588635,"Western",29,"Female"
"7",5.35277669595859,"Southern",23,"Female"
"7",2.9764224765106,"Western",21,"Male"
"4",4.41901335360968,"Western",18,"Male"
"6",3.18664527956835,"Eastern",26,"Male"
"5",3.81097532775475,"Eastern",22,"Male"
"3",3.49408152648862,"Western",19,"Female"
"4",3.97656535081753,"Southern",21,"Female"
"4",3.52366161246096,"Southern",24,"Female"
"2",4.60907243183827,"Southern",30,"Female"
"6",3.67523005820597,"Southern",24,"Male"
"1",3.84576007523794,"Southern",58,"Male"
"6",3.94186124506912,"Southern",36,"Male"
"4",3.29720974226365,"Southern",20,"Female"
"1",4.31714409546762,"Western",25,"Male"
"6",4.27566033827838,"Western",24,"Female"
"1",4.15330138807592,"Southern",20,"Female"
"3",4.58002937348658,"Southern",22,"Male"
"1",1.82537575767152,"Southern",42,"Female"
"5",3.54868044049099,"Southern",39,"Female"
"2",3.07109174319698,"Eastern",22,"Male"
"3",4.18743818907909,"Southern",24,"Female"
"4",4.16479128501632,"Southern",24,"Male"
"6",4.80578017645584,"Western",40,"Female"
"3",3.9303720039614,"Southern",21,"Female"
"1",3.61689732803175,"Eastern",28,"Male"
"2",3.76446891358736,"Western",22,"Female"
"4",4.42946908917409,"Southern",19,"Female"
"1",3.57274598423013,"Eastern",24,"Female"
"1",3.10523486995295,"Eastern",24,"Female"
"5",4.57401304101214,"Eastern",22,"Female"
"1",2.28766475373859,"Eastern",21,"Male"
"1",2.17689537271365,"Eastern",21,"Male"
"3",4.28718258027279,"Eastern",20,"Female"
"4",3.48478032056696,"Western",18,"Male"
"2",3.16062822393009,"Western",35,"Female"
"3",3.76085407065873,"Eastern",56,"Male"
"2",3.26121835688595,"Western",30,"Male"
"2",2.55678753517857,"Western",26,"Female"
"4",4.60857639629431,"Western",22,"Female"
"6",4.5670728309242,"Western",19,"Male"
"3",4.70990326832357,"Southern",20,"Male"
"1",4.23175191863207,"Western",18,"Female"
"9",3.72378542385164,"Western",55,"Male"
"3",4.09313356212549,"Eastern",23,"Male"
"2",3.8855556319642,"Eastern",42,"Female"
"2",3.96957151976265,"Southern",23,"Female"
"2",2.2896740365587,"Western",45,"Male"
"2",4.87151017720423,"Western",38,"Female"
"3",3.9303720039614,"Southern",22,"Female"
"2",3.7137711549324,"Southern",28,"Female"
"6",4.71864663388535,"Southern",21,"Female"
"3",4.44450437419679,"Southern",21,"Female"
"1",3.39535856498494,"Eastern",22,"Male"
"2",4.06638925796312,"Western",30,"Female"
"2",3.07109174319698,"Eastern",22,"Male"
"1",2.63772375672767,"Eastern",27,"Female"
"3",2.0023756132651,"Southern",22,"Female"
"2",2.05358696031322,"Western",26,"Female"
"3",4.44450437419679,"Southern",22,"Female"
"1",3.61689732803175,"Eastern",23,"Male"
"3",3.31781474770621,"Eastern",25,"Male"
"4",3.97656535081753,"Southern",23,"Female"
"1",1.08303350228296,"Western",42,"Female"
"4",3.40777130605351,"Eastern",36,"Female"
"3",4.31597128163794,"Southern",22,"Female"
"4",3.48478032056696,"Western",22,"Male"
"3",3.81397566835172,"Western",19,"Female"
"3",3.9303720039614,"Southern",19,"Female"
"1",1.81957930753153,"Eastern",22,"Female"
"1",2.3560313742117,"Western",25,"Male"
"1",2.98835709164663,"Eastern",56,"Female"
"9",3.51221037194302,"Western",18,"Male"
"2",2.15422707510514,"Western",28,"Female"
"1",3.61689732803175,"Eastern",19,"Male"
"3",3.02154263427377,"Southern",25,"Male"
"6",4.2258475813803,"Eastern",22,"Female"
"2",2.30874900178162,"Eastern",27,"Male"
"4",3.47167929311193,"Eastern",19,"Male"
"1",2.61751307124205,"Western",30,"Male"
"1",3.44480228281378,"Southern",23,"Female"
"5",4.64204897316051,"Southern",25,"Female"
"7",5.23217475717258,"Southern",21,"Female"
"9",4.76379173445364,"Southern",27,"Male"
"2",3.88555678642437,"Southern",28,"Male"
"3",3.36123992759149,"Western",18,"Male"
"1",4.2815136141814,"Eastern",32,"Male"
"1",2.87899476709573,"Western",25,"Male"
"1",4.86180049333806,"Southern",23,"Female"
"7",3.54374761308305,"Southern",21,"Female"
"7",3.06922639151187,"Western",21,"Female"
"1",3.10523486995295,"Eastern",42,"Female"
"9",5.04093693302745,"Southern",20,"Female"
"9",2.56012263740212,"Western",21,"Male"
"1",3.44457231429177,"Western",30,"Female"
"9",5.83953594484207,"Western",60,"Male"
"3",3.92060704865286,"Western",26,"Female"
"6",4.4406056442175,"Eastern",18,"Male"
"2",3.28912464239453,"Eastern",19,"Female"
"5",4.42337526583938,"Southern",20,"Female"
"2",4.7369726154045,"Southern",46,"Female"
"1",2.43266070425827,"Southern",34,"Female"
"1",3.39535856498494,"Eastern",29,"Male"
"3",2.74766186438065,"Western",19,"Female"
"1",2.05333486414417,"Eastern",47,"Female"
"1",3.72766670905669,"Eastern",23,"Male"
"6",4.38168430572303,"Western",45,"Female"
"3",4.44450437419679,"Southern",21,"Female"
"1",2.28766475373859,"Eastern",34,"Male"
"3",3.13923033703328,"Eastern",38,"Female"
"4",5.386692223762,"Southern",21,"Male"
"7",4.25514423560528,"Eastern",31,"Female"
"1",2.83751733622703,"Southern",26,"Female"
"2",2.2896740365587,"Western",24,"Male"
"3",3.9303720039614,"Southern",23,"Female"
"3",4.31465322310332,"Eastern",20,"Male"
"2",5.12067316264988,"Southern",24,"Female"
"1",2.4324842518577,"Western",62,"Female"
"6",4.5670728309242,"Western",21,"Male"
"3",3.76305887706549,"Western",29,"Male"
"4",3.29720974226365,"Southern",20,"Female"
"5",4.68972009392864,"Western",20,"Female"
"6",4.69975620901119,"Western",43,"Female"
"3",4.70990326832357,"Southern",20,"Male"
"1",4.15956859289922,"Southern",22,"Male"
"9",4.94591928542934,"Southern",22,"Female"
"9",6.156898522705,"Western",60,"Male"
"3",3.06755600528407,"Western",23,"Female"
"4",3.0364077815297,"Western",20,"Female"
"3",2.90210726233383,"Southern",20,"Female"
"1",3.1135401997535,"Southern",23,"Male"
"4",4.42946908917409,"Southern",24,"Female"
"5",4.91738158302677,"Western",20,"Female"
"2",4.83997787960372,"Western",26,"Male"
"9",2.98327274121937,"Western",18,"Male"
"5",3.85137046789303,"Western",18,"Male"
"1",1.81957930753153,"Eastern",23,"Female"
"8",5.58567491802215,"Southern",30,"Female"
"5",3.75187687034971,"Eastern",21,"Female"
"8",3.78382918671252,"Western",38,"Male"
"3",3.45230822129699,"Eastern",39,"Female"
"3",4.56039533141938,"Western",19,"Female"
"9",3.60446291321188,"Western",22,"Female"
"1",2.73074227883528,"Eastern",28,"Male"
"6",4.69975620901119,"Western",21,"Female"
"5",5.48653530577207,"Western",21,"Female"
"3",4.44450437419679,"Southern",22,"Female"
"3",3.28081876588635,"Western",25,"Female"
"1",4.31714409546762,"Western",21,"Male"
"5",3.98602785316519,"Southern",20,"Female"
"8",4.58654118362081,"Western",47,"Male"
"4",3.14505921819825,"Western",24,"Male"
"9",3.99574280859308,"Southern",18,"Female"
"2",3.28912464239453,"Eastern",25,"Female"
"1",2.98835709164663,"Eastern",28,"Female"
"2",2.81697749631264,"Eastern",31,"Male"
"6",4.91180414390048,"Western",21,"Female"
"2",2.01075183134524,"Southern",45,"Male"
"2",3.33007060653593,"Southern",39,"Female"
"1",3.219663856198,"Western",18,"Female"
"6",3.27716235913692,"Southern",22,"Female"
"4",3.308113761025,"Eastern",25,"Female"
"1",1.72416159990706,"Southern",51,"Female"
"1",2.09512156471703,"Western",60,"Female"
"4",4.33408307725312,"Western",52,"Male"
"1",3.94920547110657,"Eastern",27,"Male"
"6",3.42746859776699,"Western",27,"Female"
"4",6.01463217546013,"Southern",21,"Female"
"1",4.05208723031146,"Southern",26,"Female"
"1",1.75775887757637,"Western",31,"Female"
"4",3.97656535081753,"Southern",23,"Female"
"5",3.91055652854869,"Eastern",39,"Male"
"3",3.81397566835172,"Western",40,"Female"
"3",4.027238428954,"Western",18,"Female"
"5",3.66524339196261,"Western",20,"Female"
"1",3.89438923149141,"Western",19,"Female"
"1",1.84458722963882,"Eastern",33,"Male"
"6",3.50113961668851,"Eastern",24,"Female"
"3",4.95863674558897,"Southern",22,"Female"
"2",3.66382879879544,"Western",19,"Female"
"3",2.53439910281869,"Western",18,"Female"
"2",5.7601740747255,"Southern",24,"Female"
"4",4.94546967045358,"Western",20,"Female"
"3",3.9303720039614,"Southern",22,"Female"
"5",2.51867261312287,"Eastern",23,"Female"
"5",4.0067356256098,"Western",20,"Female"
"5",2.92974069845408,"Eastern",20,"Female"
"2",3.8855556319642,"Eastern",21,"Female"
"1",3.53269900672992,"Western",46,"Male"
"5",4.23439711470792,"Western",38,"Female"
"7",3.54374761308305,"Southern",22,"Female"
"5",4.42337526583938,"Southern",19,"Female"
"1",4.55815802004468,"Southern",21,"Female"
"2",4.23276267830619,"Western",35,"Male"
"3",4.13386980925514,"Western",25,"Female"
"1",2.17689537271365,"Eastern",21,"Male"
"1",3.89438923149141,"Western",56,"Female"
"2",3.96957151976265,"Southern",23,"Female"
"4",4.39718316939893,"Eastern",23,"Male"
"9",4.25605218599016,"Western",21,"Female"
"4",3.47167929311193,"Eastern",20,"Male"
"1",3.32274587819436,"Southern",23,"Male"
"6",3.32144463032234,"Western",21,"Female"
"3",2.96092462498293,"Western",19,"Female"
"1",3.950873072547,"Southern",23,"Female"
"5",3.1287775478273,"Western",24,"Male"
"1",3.61689732803175,"Eastern",23,"Male"
"3",6.24396767233424,"Southern",25,"Female"
"4",4.50400430316098,"Eastern",21,"Female"
"7",3.77523010549261,"Eastern",20,"Male"
"1",5.62455257591267,"Western",20,"Male"
"2",2.2896740365587,"Western",37,"Male"
"6",3.6395165336105,"Western",20,"Female"
"3",4.46624203796691,"Western",33,"Male"
"4",5.22205063231711,"Southern",26,"Female"
"6",3.32144463032234,"Western",23,"Female"
"2",3.9657491431712,"Western",18,"Female"
"1",4.15713487576173,"Eastern",23,"Female"
"5",3.84050599546317,"Southern",19,"Male"
"6",3.39728604960021,"Southern",24,"Female"
"5",5.11322380761043,"Southern",21,"Male"
"2",3.07109174319698,"Eastern",22,"Male"
"3",4.49590117072116,"Eastern",42,"Female"
"5",2.41310519987398,"Western",22,"Female"
"1",3.34358812504933,"Southern",23,"Female"
"6",4.80578017645584,"Western",19,"Female"
"3",2.38797489209844,"Southern",33,"Female"
"6",4.34180802536384,"Southern",43,"Male"
"5",4.34822785925698,"Western",21,"Female"
"1",4.23175191863207,"Western",18,"Female"
"2",3.7137711549324,"Southern",21,"Female"
"1",3.40195815880308,"Western",19,"Male"
"2",2.43476932963005,"Southern",21,"Female"
"6",3.90927598976641,"Western",21,"Male"
"9",4.90764145974584,"Western",22,"Female"
"2",4.11131963826529,"Western",35,"Male"
"3",3.66260413992301,"Western",41,"Male"
"2",2.94637005929055,"Southern",19,"Female"
"5",3.32375115729095,"Western",18,"Female"
"1",4.56911460678482,"Western",21,"Female"
"6",4.91180414390048,"Western",21,"Female"
"4",3.50684462660273,"Southern",22,"Male"
"5",4.0067356256098,"Western",20,"Female"
"1",3.219663856198,"Western",20,"Female"
"1",4.34420614767896,"Western",35,"Female"
"3",3.36123992759149,"Western",24,"Male"
"1",3.66948077339763,"Western",25,"Female"
"1",2.83751733622703,"Southern",22,"Female"
"2",3.26121835688595,"Western",30,"Male"
"6",4.47839925512098,"Southern",21,"Female"
"3",4.49590117072116,"Eastern",42,"Female"
"5",3.20992041274189,"Western",21,"Female"
"1",4.99639130760409,"Southern",28,"Male"
"5",4.31403841267083,"Southern",33,"Female"
"1",1.82537575767152,"Southern",63,"Female"
"1",4.17074423315646,"Eastern",24,"Male"
"3",4.31597128163794,"Southern",23,"Female"
"3",4.64693271556692,"Eastern",20,"Male"
"5",4.20470155950229,"Southern",23,"Female"
"1",4.39089043237437,"Eastern",26,"Female"
"3",3.80183891140255,"Southern",21,"Female"
"1",5.49381172798583,"Western",62,"Male"
"3",4.44450437419679,"Southern",22,"Female"
"5",4.10971893013657,"Eastern",27,"Male"
"6",4.70898622559521,"Eastern",40,"Female"
"9",4.46429810648392,"Western",28,"Male"
"4",3.41043567685279,"Southern",21,"Female"
"8",5.99759053950003,"Southern",23,"Female"
"2",4.2253718845929,"Southern",20,"Female"
"1",4.15956859289922,"Southern",20,"Male"
"4",5.39466070266594,"Western",21,"Female"
"4",3.99436197488441,"Western",19,"Male"
"1",2.12901823096489,"Southern",25,"Female"
"2",2.93126604929687,"Eastern",47,"Female"
"7",3.90555342944108,"Southern",22,"Female"
"5",4.0067356256098,"Western",21,"Female"
"6",3.6395165336105,"Western",20,"Female"
"8",4.6245384707905,"Southern",38,"Female"
"6",5.07134020794111,"Eastern",22,"Female"
"2",1.79526841640333,"Southern",20,"Female"
"1",2.5092035167854,"Eastern",23,"Male"
"1",4.70936663924813,"Western",54,"Male"
"1",3.1404764629494,"Western",20,"Male"
"5",5.03121232757583,"Western",20,"Female"
"5",5.73541750583004,"Southern",25,"Female"
"5",4.93525984744967,"Western",19,"Male"
"3",3.8007860044646,"Southern",31,"Male"
"1",3.83843609008163,"Eastern",23,"Male"
"5",5.03121232757583,"Western",44,"Female"
"5",4.31403841267083,"Southern",21,"Female"
"8",3.51625852147778,"Western",30,"Male"
"1",2.54493848191667,"Western",23,"Female"
"5",3.43758190184001,"Western",25,"Female"
"1",3.24237396728487,"Southern",23,"Female"
"1",3.10720962715111,"Western",53,"Female"
"3",3.49408152648862,"Western",26,"Female"
"9",4.99323573625548,"Western",36,"Male"
"1",4.7940230648786,"Western",29,"Female"
"1",2.63772375672767,"Eastern",25,"Female"
"5",5.9418582849928,"Western",25,"Female"
"9",5.32773174264899,"Southern",28,"Male"
"4",4.88237282854969,"Southern",23,"Female"
"5",4.64204897316051,"Southern",25,"Female"
"1",3.45586820487191,"Eastern",22,"Female"
"7",4.94455529015622,"Eastern",35,"Male"
"5",5.07939638583471,"Southern",20,"Female"
"3",3.92060704865286,"Western",27,"Female"
"9",3.40642284503662,"Western",18,"Male"
"3",2.64103048407951,"Western",25,"Female"
"4",3.31742864567585,"Eastern",22,"Male"
"6",4.11802818589332,"Southern",20,"Female"
"6",4.91180414390048,"Western",22,"Female"
"1",2.75460153503399,"Eastern",28,"Female"
"6",4.34780721720494,"Western",38,"Male"
"7",3.98633511267798,"Southern",18,"Male"
"3",3.80183891140255,"Southern",23,"Female"
"1",3.10720962715111,"Western",19,"Female"
"4",3.70674394203597,"Eastern",20,"Female"
"1",2.88230116905733,"Western",20,"Female"
"2",2.69269365389843,"Eastern",30,"Female"
"3",2.75851150473663,"Western",20,"Male"
"5",3.81097532775475,"Eastern",26,"Male"
"6",4.35827556465768,"Southern",27,"Female"
"2",4.24341422506186,"Eastern",49,"Female"
"1",4.45666037672585,"Western",18,"Female"
"2",3.07427024170568,"Southern",23,"Female"
"4",3.75011348163924,"Southern",41,"Female"
"4",3.86333941622838,"Southern",24,"Female"
"2",2.77544619672233,"Western",42,"Male"
"4",4.70331939321801,"Eastern",19,"Female"
"1",3.33211808524488,"Western",19,"Female"
"1",4.86180049333806,"Southern",21,"Female"
"3",3.09629508672837,"Eastern",21,"Male"
"1",5.16766866337786,"Eastern",57,"Male"
"8",6.04627671944076,"Western",19,"Female"
"7",4.85939859252518,"Western",31,"Male"
"1",3.66343985583342,"Western",20,"Male"
"1",3.34358812504933,"Southern",21,"Female"
"1",2.12901823096489,"Southern",38,"Female"
"1",4.05208723031146,"Southern",21,"Female"
"3",4.34713256985742,"Western",18,"Female"
"7",3.06922639151187,"Western",18,"Female"
"3",3.80183891140255,"Southern",20,"Female"
"5",4.91738158302677,"Western",20,"Female"
"8",2.04461986148265,"Western",18,"Male"
"1",3.54601644148917,"Southern",51,"Female"
"7",5.64615040137535,"Eastern",19,"Male"
"2",3.49461548800421,"Eastern",29,"Male"
"1",3.84965891478255,"Southern",19,"Female"
"5",3.09608966819283,"Western",37,"Female"
"4",3.97656535081753,"Southern",23,"Female"
"6",2.74202090298512,"Southern",24,"Male"
"5",4.86072267949761,"Southern",20,"Female"
"5",3.01432572050698,"Eastern",46,"Male"
"5",4.64204897316051,"Southern",20,"Female"
"6",4.48770827412189,"Western",21,"Female"
"7",2.72283743919012,"Eastern",19,"Male"
"3",3.81397566835172,"Western",19,"Female"
"5",5.05569200061331,"Western",61,"Male"
"2",3.66382879879544,"Western",19,"Female"
"3",3.28129042394776,"Southern",23,"Male"
"1",3.27121731087624,"Western",65,"Male"
"4",3.71019433085892,"Western",20,"Female"
"4",4.25878366478969,"Southern",22,"Male"
"4",3.90943169929223,"Western",21,"Male"
"6",3.69001037506046,"Western",22,"Male"
"2",4.00284398253523,"Eastern",32,"Male"
"3",4.77365809202166,"Western",25,"Female"
"1",3.14115980952041,"Southern",23,"Female"
"4",2.81181226542352,"Western",31,"Female"
"7",5.4733786347446,"Southern",23,"Female"
