trolley_1_rate,util_score,Region,Age,Gender
4,4.22222222222222,Eastern,21,Female
3,2.33333333333333,Eastern,20,Female
3,4.33333333333333,Eastern,21,Female
2,3,Eastern,22,Female
3,3.77777777777778,Eastern,20,Female
3,5,Eastern,19,Female
2,4.77777777777778,Eastern,19,Female
9,4.66666666666667,Eastern,20,Female
8,4.44444444444444,Eastern,18,Male
3,4.22222222222222,Eastern,20,Female
3,4,Eastern,22,Female
7,5.55555555555556,Eastern,20,Male
3,4.11111111111111,Eastern,20,Female
4,3.33333333333333,Eastern,20,Male
6,4.11111111111111,Eastern,19,Male
3,3.11111111111111,Eastern,20,Female
4,4.11111111111111,Eastern,27,Female
5,4.11111111111111,Eastern,20,Female
7,3.88888888888889,Eastern,22,Male
1,3.55555555555556,Eastern,23,Male
6,3.55555555555556,Eastern,19,Female
1,2.88888888888889,Eastern,26,Female
1,1.55555555555556,Eastern,20,Female
4,3.11111111111111,Eastern,20,Male
1,4.33333333333333,Eastern,25,Male
1,2.33333333333333,Eastern,24,Male
4,4.88888888888889,Eastern,24,Male
2,3.22222222222222,Eastern,20,Male
1,3.66666666666667,Eastern,27,Male
5,3.22222222222222,Eastern,28,Male
1,3.44444444444444,Eastern,20,Male
2,3.22222222222222,Eastern,25,Male
2,2.88888888888889,Eastern,21,Female
5,3.44444444444444,Eastern,20,Male
1,4.11111111111111,Eastern,22,Female
2,3.66666666666667,Eastern,22,Female
4,3.77777777777778,Eastern,19,Female
6,3.66666666666667,Eastern,21,Male
5,4.66666666666667,Eastern,22,Female
7,4.22222222222222,Eastern,27,Male
3,4.44444444444444,Eastern,22,Female
7,5.77777777777778,Eastern,24,Male
3,2.11111111111111,Eastern,26,Male
2,3.33333333333333,Eastern,19,Female
4,2.22222222222222,Eastern,19,Female
9,4.33333333333333,Eastern,28,Male
4,3.22222222222222,Eastern,20,Female
3,3.22222222222222,Eastern,18,Female
6,4.77777777777778,Eastern,19,Male
3,3,Eastern,20,Male
1,3,Eastern,18,Female
1,1.88888888888889,Eastern,20,Male
1,3.44444444444444,Eastern,18,Male
5,3.88888888888889,Eastern,19,Female
6,4,Eastern,19,Female
1,3.77777777777778,Eastern,25,Male
3,3,Eastern,26,Male
4,4.22222222222222,Eastern,19,Male
3,2.66666666666667,Eastern,20,Female
1,2.33333333333333,Eastern,19,Male
1,4.33333333333333,Eastern,69,Male
4,3,Eastern,18,Male
1,2.66666666666667,Eastern,19,Male
2,3.55555555555556,Eastern,18,Male
4,2.77777777777778,Eastern,25,Male
1,4.22222222222222,Eastern,25,Female
3,4.11111111111111,Eastern,40,Female
2,4.11111111111111,Eastern,23,Male
3,4.66666666666667,Eastern,23,Male
3,3.44444444444444,Eastern,53,Female
4,3.88888888888889,Eastern,21,Female
2,3.11111111111111,Eastern,29,Female
3,2.22222222222222,Eastern,20,Female
1,3.44444444444444,Eastern,18,Male
6,3.66666666666667,Eastern,22,Female
3,2.22222222222222,Eastern,48,Female
1,3.55555555555556,Eastern,20,Female
4,3.55555555555556,Eastern,20,Male
3,2.44444444444444,Eastern,18,Male
1,1,Eastern,20,Female
1,5.22222222222222,Eastern,53,Male
5,3.11111111111111,Eastern,19,Female
2,2,Eastern,46,Male
2,3.44444444444444,Eastern,22,Female
6,3.44444444444444,Eastern,19,Female
3,4,Eastern,21,Female
4,2.88888888888889,Eastern,24,Female
6,4.66666666666667,Eastern,21,Male
4,4,Eastern,21,Female
3,4.22222222222222,Eastern,20,Female
1,3.11111111111111,Eastern,20,Male
4,2.77777777777778,Eastern,20,Female
4,3.11111111111111,Eastern,28,Female
5,4.66666666666667,Eastern,21,Female
2,3.33333333333333,Eastern,24,Female
3,3.33333333333333,Eastern,26,Male
2,2.33333333333333,Eastern,24,Female
6,3.66666666666667,Eastern,26,Male
5,4.33333333333333,Eastern,21,Female
6,4.44444444444444,Eastern,25,Male
6,4.22222222222222,Eastern,24,Male
6,4.22222222222222,Eastern,18,Male
1,4.11111111111111,Eastern,23,Female
3,5,Eastern,19,Female
1,3.22222222222222,Eastern,22,Male
1,3,Eastern,25,Female
1,4.33333333333333,Eastern,20,Female
2,3.22222222222222,Eastern,29,Female
1,1.77777777777778,Eastern,23,Male
3,3.55555555555556,Eastern,21,Male
6,2.77777777777778,Eastern,26,Male
1,4.44444444444444,Eastern,23,Male
6,5,Eastern,23,Male
1,4.66666666666667,Eastern,26,Male
4,4,Eastern,23,Female
3,3.77777777777778,Eastern,23,Female
2,3.33333333333333,Eastern,28,Male
3,4.33333333333333,Eastern,23,Female
7,4.55555555555556,Eastern,26,Female
5,3.66666666666667,Eastern,23,Male
5,4.33333333333333,Eastern,27,Male
4,5,Eastern,20,Female
1,3.77777777777778,Eastern,27,Male
2,3.55555555555556,Eastern,24,Male
3,3.44444444444444,Eastern,22,Female
3,4,Eastern,20,Female
1,3.11111111111111,Eastern,19,Male
6,5.88888888888889,Eastern,28,Male
1,3.88888888888889,Eastern,26,Female
9,4,Eastern,20,Male
6,4.66666666666667,Eastern,23,Female
5,4.33333333333333,Eastern,22,Female
3,4.11111111111111,Eastern,19,Female
8,4.33333333333333,Eastern,21,Female
4,2.88888888888889,Eastern,22,Female
3,3.11111111111111,Eastern,22,Female
2,3,Eastern,32,Female
1,3.77777777777778,Eastern,22,Female
4,3.66666666666667,Eastern,19,Male
2,2.66666666666667,Eastern,20,Male
2,2.55555555555556,Eastern,30,Male
3,3.55555555555556,Eastern,21,Male
5,3.88888888888889,Eastern,28,Female
5,2.77777777777778,Eastern,22,Female
6,4.77777777777778,Eastern,21,Female
2,3.44444444444444,Eastern,21,Female
3,3.44444444444444,Eastern,18,Female
1,3.55555555555556,Eastern,18,Female
1,3.22222222222222,Eastern,21,Male
3,3.33333333333333,Eastern,26,Male
1,3,Eastern,20,Female
5,4.66666666666667,Eastern,21,Female
7,4.77777777777778,Eastern,18,Female
5,3.77777777777778,Eastern,21,Female
7,4.11111111111111,Eastern,19,Male
6,4.11111111111111,Eastern,19,Male
1,4.22222222222222,Eastern,24,Female
7,3.77777777777778,Eastern,30,Male
7,4.88888888888889,Eastern,27,Male
4,6,Eastern,19,Female
3,4.22222222222222,Eastern,21,Female
1,4.22222222222222,Eastern,19,Male
8,2.88888888888889,Eastern,26,Male
1,3,Eastern,22,Male
3,2.88888888888889,Eastern,18,Male
4,2.44444444444444,Eastern,20,Male
5,3.33333333333333,Eastern,19,Male
2,2.44444444444444,Eastern,29,Male
6,3.55555555555556,Eastern,22,Female
4,5.44444444444445,Eastern,20,Male
3,3.66666666666667,Eastern,20,Male
4,3.88888888888889,Eastern,23,Female
3,1.88888888888889,Eastern,19,Male
2,3.88888888888889,Eastern,21,Female
5,4.55555555555556,Eastern,19,Male
3,3.55555555555556,Eastern,18,Female
6,4.55555555555556,Eastern,20,Female
3,3.44444444444444,Eastern,18,Female
5,3.77777777777778,Eastern,18,Female
6,5.55555555555556,Eastern,18,Male
1,2,Eastern,22,Male
4,3.44444444444444,Eastern,23,Male
5,2.88888888888889,Eastern,21,Female
4,3.88888888888889,Eastern,22,Female
1,3.11111111111111,Eastern,25,Female
3,2.88888888888889,Eastern,20,Male
2,4.22222222222222,Eastern,19,Female
1,1.88888888888889,Eastern,22,Female
1,3.11111111111111,Eastern,19,Female
3,3.66666666666667,Eastern,19,Female
6,4.11111111111111,Eastern,19,Female
3,3.55555555555556,Eastern,19,Female
1,2.55555555555556,Eastern,22,Female
5,3.88888888888889,Eastern,19,Male
2,3.11111111111111,Eastern,35,Male
2,4.22222222222222,Eastern,19,Female
3,4,Eastern,20,Female
4,3.33333333333333,Eastern,19,Female
1,4.22222222222222,Eastern,25,Male
1,4.33333333333333,Eastern,25,Male
5,3,Eastern,21,Female
1,1.88888888888889,Eastern,22,Male
3,4.22222222222222,Eastern,26,Male
5,3.44444444444444,Eastern,19,Female
4,2,Eastern,20,Female
6,4.66666666666667,Eastern,19,Female
4,3.55555555555556,Eastern,19,Male
4,2.44444444444444,Eastern,27,Male
3,2.88888888888889,Eastern,31,Male
4,3.44444444444444,Eastern,24,Female
9,5.11111111111111,Eastern,24,Male
4,4,Eastern,22,Female
1,2.55555555555556,Eastern,24,Female
4,4.44444444444444,Eastern,18,Female
7,4.66666666666667,Eastern,20,Female
6,3.66666666666667,Eastern,22,Female
1,3.55555555555556,Eastern,18,Female
3,3.88888888888889,Eastern,40,Female
1,3.55555555555556,Eastern,26,Male
2,2.11111111111111,Eastern,25,Male
4,2,Eastern,25,Female
2,3,Eastern,24,Male
1,3.44444444444444,Eastern,22,Female
1,4.33333333333333,Eastern,25,Female
4,3.22222222222222,Eastern,23,Female
2,3.77777777777778,Eastern,25,Female
1,3.11111111111111,Eastern,28,Female
3,3.77777777777778,Eastern,23,Male
5,4.22222222222222,Eastern,20,Female
3,4.11111111111111,Eastern,22,Female
7,2.33333333333333,Eastern,20,Male
2,3.44444444444444,Eastern,18,Female
1,3.66666666666667,Eastern,24,Male
4,5,Eastern,21,Female
6,4.11111111111111,Eastern,19,Female
7,4.55555555555556,Eastern,23,Male
9,5.11111111111111,Eastern,19,Female
7,3.88888888888889,Eastern,18,Female
7,4,Eastern,18,Female
3,2.55555555555556,Eastern,23,Female
4,3,Eastern,20,Female
5,2.77777777777778,Eastern,20,Female
1,4,Eastern,35,Male
2,3.22222222222222,Eastern,19,Female
3,3.88888888888889,Eastern,22,Male
5,3.11111111111111,Eastern,20,Female
1,3.44444444444444,Eastern,25,Male
1,3.88888888888889,Eastern,25,Female
2,2.66666666666667,Eastern,23,Male
6,4.44444444444444,Eastern,23,Female
1,3.11111111111111,Eastern,26,Male
6,3.77777777777778,Eastern,24,Male
3,3.77777777777778,Eastern,25,Male
1,3.77777777777778,Eastern,18,Female
5,4.55555555555556,Eastern,23,Female
3,4.66666666666667,Eastern,22,Female
3,4.77777777777778,Eastern,24,Female
1,3.55555555555556,Eastern,20,Female
3,2,Eastern,28,Male
3,4.33333333333333,Eastern,20,Female
3,4.44444444444444,Eastern,24,Female
5,2.11111111111111,Eastern,22,Female
2,3.55555555555556,Eastern,26,Female
6,3.11111111111111,Eastern,20,Female
3,3.33333333333333,Eastern,22,Female
6,5.77777777777778,Eastern,23,Female
5,4.33333333333333,Eastern,23,Female
3,3.22222222222222,Eastern,19,Female
3,3.77777777777778,Eastern,25,Female
1,1.77777777777778,Eastern,25,Female
2,4.33333333333333,Eastern,22,Male
6,3.77777777777778,Eastern,20,Female
2,3.22222222222222,Eastern,25,Male
6,4.44444444444444,Eastern,20,Female
3,4.11111111111111,Eastern,21,Female
6,4.44444444444444,Eastern,18,Female
6,5.55555555555556,Eastern,21,Female
3,3.11111111111111,Eastern,22,Female
7,4.33333333333333,Eastern,19,Female
7,4.66666666666667,Eastern,22,Male
1,3.11111111111111,Eastern,23,Female
9,6,Eastern,22,Female
1,2.33333333333333,Eastern,20,Female
1,1.66666666666667,Eastern,23,Male
2,2.66666666666667,Eastern,18,Female
2,5,Eastern,18,Female
1,2.33333333333333,Eastern,27,Male
9,4.77777777777778,Eastern,21,Male
1,4.44444444444444,Eastern,33,Male
2,3.44444444444444,Eastern,23,Male
6,4.44444444444444,Eastern,21,Female
7,3.44444444444444,Eastern,21,Female
2,2.33333333333333,Eastern,21,Female
1,2.88888888888889,Eastern,27,Male
9,6.11111111111111,Eastern,20,Male
1,4.33333333333333,Eastern,19,Female
3,2.88888888888889,Eastern,21,Female
7,5.55555555555556,Eastern,22,Female
7,4.55555555555556,Eastern,21,Female
6,3.77777777777778,Eastern,22,Male
2,3.22222222222222,Eastern,23,Male
4,4.11111111111111,Eastern,18,Female
3,3.55555555555556,Eastern,18,Female
3,2.66666666666667,Eastern,20,Male
4,4.11111111111111,Eastern,20,Male
4,3.33333333333333,Eastern,46,Female
7,3.77777777777778,Eastern,22,Male
3,3.55555555555556,Eastern,21,Male
4,3.55555555555556,Eastern,22,Male
4,3.55555555555556,Eastern,20,Male
5,4.11111111111111,Eastern,22,Male
5,4.44444444444444,Eastern,21,Female
3,3.11111111111111,Eastern,34,Female
3,3.66666666666667,Eastern,20,Female
5,4.44444444444444,Eastern,22,Female
6,3.66666666666667,Eastern,23,Female
4,2.66666666666667,Eastern,22,Female
6,4.22222222222222,Eastern,22,Male
5,4,Eastern,23,Female
4,3.44444444444444,Eastern,21,Female
2,3.88888888888889,Eastern,22,Female
5,3.55555555555556,Eastern,23,Male
5,4.22222222222222,Eastern,21,Female
5,3.66666666666667,Eastern,23,Male
6,5.77777777777778,Eastern,24,Male
4,2.77777777777778,Eastern,23,Female
1,2.55555555555556,Eastern,24,Male
4,3.66666666666667,Eastern,20,Female
5,4,Eastern,23,Male
3,4.11111111111111,Eastern,23,Male
1,3.22222222222222,Eastern,24,Female
4,3.11111111111111,Eastern,25,Male
6,3.77777777777778,Eastern,27,Male
4,4.11111111111111,Eastern,18,Male
6,4.88888888888889,Eastern,21,Male
1,4,Eastern,24,Female
3,3.22222222222222,Eastern,23,Female
4,3.55555555555556,Eastern,19,Female
1,3.22222222222222,Eastern,24,Male
1,4,Eastern,26,Male
3,3.66666666666667,Eastern,20,Female
4,4.66666666666667,Eastern,19,Male
6,3.88888888888889,Eastern,21,Male
4,4.33333333333333,Eastern,52,Female
1,3.77777777777778,Eastern,25,Male
3,3.77777777777778,Eastern,18,Male
3,3.77777777777778,Eastern,25,Male
7,5.22222222222222,Eastern,21,Male
3,4.77777777777778,Eastern,21,Female
3,3.66666666666667,Eastern,23,Female
5,3.55555555555556,Eastern,23,Female
4,4.44444444444444,Eastern,27,Male
3,3.55555555555556,Eastern,20,Female
6,3.22222222222222,Eastern,18,Female
1,1.88888888888889,Eastern,22,Female
3,4,Eastern,27,Male
2,2.88888888888889,Eastern,30,Male
3,2.44444444444444,Eastern,22,Male
3,4.88888888888889,Eastern,26,Male
2,3,Eastern,28,Male
2,2.88888888888889,Eastern,20,Male
3,3.33333333333333,Eastern,22,Female
2,2.88888888888889,Eastern,21,Male
5,5.55555555555556,Eastern,24,Male
2,3.66666666666667,Eastern,22,Female
1,2.11111111111111,Eastern,26,Male
4,3.66666666666667,Eastern,23,Male
7,3.66666666666667,Eastern,34,Female
4,3.88888888888889,Eastern,22,Female
5,3,Eastern,24,Male
3,3.44444444444444,Eastern,21,Female
4,4,Eastern,22,Female
6,3.88888888888889,Eastern,22,Female
5,5.77777777777778,Eastern,22,Female
3,2.77777777777778,Eastern,22,Female
1,2.22222222222222,Eastern,21,Male
1,3.33333333333333,Eastern,21,Female
5,3.88888888888889,Eastern,18,Female
6,2.33333333333333,Eastern,19,Female
1,4.33333333333333,Eastern,31,Male
7,4.66666666666667,Eastern,19,Male
1,3.66666666666667,Eastern,19,Male
3,3.44444444444444,Eastern,38,Female
4,4,Eastern,22,Male
4,4.88888888888889,Eastern,19,Female
1,1.88888888888889,Eastern,21,Male
7,5,Eastern,30,Male
1,4.33333333333333,Eastern,21,Female
3,3.11111111111111,Eastern,21,Male
4,3.22222222222222,Eastern,20,Female
6,3.77777777777778,Eastern,30,Female
3,2.66666666666667,Eastern,27,Male
1,3.11111111111111,Eastern,40,Male
8,3.88888888888889,Eastern,34,Female
3,5,Eastern,18,Male
6,3.66666666666667,Eastern,19,Female
1,1.33333333333333,Eastern,30,Female
6,3.77777777777778,Eastern,25,Male
5,4.77777777777778,Eastern,24,Female
6,4.55555555555556,Eastern,21,Male
3,3.11111111111111,Eastern,21,Male
2,3.55555555555556,Eastern,18,Female
4,2.44444444444444,Eastern,22,Female
2,2.33333333333333,Eastern,20,Female
7,4.66666666666667,Eastern,22,Male
7,2.77777777777778,Eastern,24,Male
4,3,Eastern,22,Female
2,3.88888888888889,Eastern,22,Female
7,4.22222222222222,Eastern,18,Male
3,3.44444444444444,Eastern,19,Female
1,3,Eastern,18,Male
3,2.66666666666667,Eastern,18,Female
3,5,Eastern,20,Male
7,4.22222222222222,Eastern,21,Male
4,3.66666666666667,Eastern,22,Female
6,5.66666666666667,Eastern,30,Male
2,1.55555555555556,Eastern,28,Male
3,1.55555555555556,Eastern,26,Female
2,3.77777777777778,Eastern,21,Female
2,3.55555555555556,Eastern,19,Female
6,4.22222222222222,Eastern,29,Female
2,3,Eastern,22,Female
2,4.22222222222222,Eastern,20,Male
1,2.66666666666667,Eastern,26,Male
5,3.44444444444444,Eastern,18,Female
3,3,Eastern,21,Male
3,3.55555555555556,Eastern,21,Male
1,3.66666666666667,Eastern,20,Male
3,5.44444444444445,Eastern,23,Male
5,3.44444444444444,Eastern,25,Female
3,3.88888888888889,Eastern,30,Male
5,3.66666666666667,Eastern,27,Male
6,4.33333333333333,Eastern,18,Male
3,3.55555555555556,Eastern,30,Female
5,4,Eastern,20,Female
6,5.66666666666667,Eastern,24,Male
3,2.11111111111111,Eastern,19,Male
2,2.11111111111111,Eastern,23,Female
1,1.55555555555556,Eastern,30,Male
9,5.55555555555556,Eastern,28,Male
6,4.33333333333333,Eastern,27,Male
3,3.22222222222222,Eastern,25,Male
3,3.33333333333333,Eastern,25,Male
1,1.66666666666667,Eastern,21,Female
1,2.55555555555556,Eastern,29,Male
5,5.22222222222222,Eastern,20,Female
2,4.22222222222222,Eastern,24,Male
3,4,Eastern,19,Female
1,4.66666666666667,Eastern,23,Female
2,1.44444444444444,Eastern,25,Male
1,3.11111111111111,Eastern,24,Female
1,5,Eastern,54,Female
5,4.55555555555556,Eastern,33,Female
1,4.33333333333333,Eastern,42,Female
4,3.33333333333333,Eastern,36,Female
2,2.88888888888889,Eastern,18,Female
1,2.88888888888889,Eastern,55,Female
1,2.44444444444444,Eastern,33,Male
1,4.11111111111111,Eastern,57,Male
3,3.55555555555556,Eastern,24,Female
6,1.88888888888889,Eastern,18,Female
2,2.88888888888889,Eastern,24,Female
5,3.55555555555556,Eastern,20,Male
8,2.55555555555556,Eastern,18,Female
5,5,Eastern,19,Male
1,3,Eastern,25,Female
1,1.88888888888889,Eastern,32,Male
1,3.77777777777778,Eastern,23,Female
9,3.22222222222222,Eastern,24,Male
5,3,Eastern,25,Female
5,2.66666666666667,Eastern,21,Male
3,2.88888888888889,Eastern,20,Male
1,3.66666666666667,Eastern,23,Male
1,2.33333333333333,Eastern,22,Male
5,5,Eastern,21,Female
1,3.22222222222222,Eastern,19,Male
2,2.77777777777778,Eastern,19,Male
1,2.22222222222222,Eastern,20,Male
2,2.22222222222222,Eastern,19,Female
7,5.55555555555556,Eastern,23,Male
1,3.88888888888889,Eastern,20,Male
6,4.77777777777778,Eastern,21,Male
9,6.33333333333333,Eastern,23,Male
5,4.88888888888889,Eastern,22,Female
9,3.11111111111111,Eastern,21,Male
6,3.88888888888889,Eastern,21,Female
3,3.77777777777778,Eastern,20,Male
5,3.66666666666667,Eastern,18,Male
1,3.88888888888889,Eastern,23,Male
1,3.66666666666667,Eastern,19,Female
6,4.11111111111111,Eastern,19,Female
4,4.88888888888889,Eastern,21,Male
5,3,Eastern,27,Male
1,4,Eastern,21,Female
5,5.11111111111111,Eastern,22,Female
3,4.33333333333333,Eastern,20,Male
1,4.22222222222222,Eastern,24,Male
6,3.33333333333333,Eastern,22,Female
1,3,Eastern,25,Male
3,4,Eastern,20,Male
1,4.22222222222222,Eastern,20,Female
2,3.66666666666667,Eastern,20,Male
7,5.44444444444445,Eastern,22,Female
4,3.33333333333333,Eastern,24,Female
4,4,Eastern,21,Male
2,4.44444444444444,Eastern,24,Female
2,3.11111111111111,Eastern,20,Female
1,4,Eastern,20,Female
1,3,Eastern,24,Female
4,4.22222222222222,Eastern,20,Male
7,5.33333333333333,Eastern,20,Male
6,4.44444444444444,Eastern,20,Female
1,1.88888888888889,Eastern,21,Male
5,4.66666666666667,Eastern,22,Male
1,3.11111111111111,Eastern,23,Male
5,4.44444444444444,Eastern,20,Female
2,4.22222222222222,Eastern,26,Male
1,3.77777777777778,Eastern,20,Male
3,4.22222222222222,Eastern,21,Female
1,3.66666666666667,Eastern,19,Male
1,3.44444444444444,Eastern,21,Male
6,3.33333333333333,Eastern,21,Male
3,4.88888888888889,Eastern,25,Male
4,4.66666666666667,Eastern,23,Male
3,4.11111111111111,Eastern,20,Male
2,3.77777777777778,Eastern,22,Female
2,2.55555555555556,Eastern,20,Female
2,3.44444444444444,Eastern,22,Female
6,3.55555555555556,Eastern,22,Male
2,4.44444444444444,Eastern,21,Male
5,3,Eastern,23,Female
3,2.88888888888889,Eastern,21,Female
5,4.44444444444444,Eastern,20,Male
1,3.44444444444444,Eastern,21,Female
1,3.88888888888889,Eastern,20,Female
7,4.33333333333333,Eastern,22,Female
3,3.44444444444444,Eastern,23,Male
3,4.22222222222222,Eastern,20,Male
3,2.11111111111111,Eastern,22,Male
1,3.33333333333333,Eastern,24,Male
3,3.55555555555556,Eastern,19,Male
3,3.55555555555556,Eastern,19,Male
2,3.11111111111111,Eastern,21,Male
3,4,Eastern,23,Male
1,2.88888888888889,Eastern,24,Male
2,2.33333333333333,Eastern,19,Female
6,4.55555555555556,Eastern,25,Female
5,4.11111111111111,Eastern,18,Female
1,3.77777777777778,Eastern,20,Male
1,2.33333333333333,Eastern,22,Male
5,3,Eastern,19,Female
5,5,Eastern,21,Male
5,3.77777777777778,Eastern,20,Male
1,3.55555555555556,Eastern,21,Female
3,4,Eastern,19,Male
3,4.55555555555556,Eastern,21,Male
6,4.33333333333333,Eastern,55,Male
3,3.88888888888889,Eastern,49,Male
5,1,Eastern,36,Female
1,1.55555555555556,Eastern,52,Male
2,2.11111111111111,Eastern,45,Male
3,2.77777777777778,Eastern,47,Female
7,2.44444444444444,Eastern,45,Male
1,1,Eastern,90,Male
1,4.33333333333333,Eastern,37,Male
3,3.22222222222222,Eastern,65,Male
2,3.77777777777778,Eastern,42,Male
6,5.66666666666667,Eastern,58,Male
3,3.66666666666667,Eastern,59,Male
5,1.66666666666667,Eastern,48,Male
1,2.22222222222222,Eastern,43,Male
9,3.77777777777778,Eastern,49,Male
5,3.11111111111111,Eastern,57,Male
1,4,Eastern,49,Male
6,3.66666666666667,Eastern,41,Female
3,2.88888888888889,Eastern,57,Male
1,2,Eastern,45,Female
1,4.33333333333333,Eastern,50,Male
4,4,Eastern,46,Male
5,3.66666666666667,Eastern,48,Male
4,5.22222222222222,Eastern,53,Male
3,3.77777777777778,Eastern,39,Male
1,3.44444444444444,Eastern,28,Male
5,5,Eastern,54,Female
4,4.22222222222222,Eastern,41,Male
5,4,Eastern,40,Male
6,4.77777777777778,Eastern,37,Male
7,4.11111111111111,Eastern,46,Male
1,3.11111111111111,Eastern,40,Male
1,3.88888888888889,Eastern,51,Female
2,4.33333333333333,Eastern,48,Male
3,3,Eastern,55,Male
9,1,Eastern,50,Male
1,3.66666666666667,Eastern,33,Male
5,2.88888888888889,Eastern,51,Male
1,2.44444444444444,Eastern,32,Male
4,3.44444444444444,Eastern,58,Male
3,3.88888888888889,Eastern,49,Female
3,4.11111111111111,Eastern,49,Female
7,2.77777777777778,Eastern,59,Female
4,4.55555555555556,Eastern,45,Female
1,2.22222222222222,Eastern,32,Male
2,1.88888888888889,Eastern,39,Male
1,2.66666666666667,Eastern,53,Male
1,4.22222222222222,Eastern,46,Female
4,3.44444444444444,Eastern,36,Male
5,3.22222222222222,Eastern,43,Male
3,2.22222222222222,Eastern,25,Male
1,3.33333333333333,Eastern,54,Female
3,3.33333333333333,Eastern,45,Male
3,4.88888888888889,Eastern,38,Male
3,3.44444444444444,Eastern,53,Female
3,3.11111111111111,Eastern,38,Male
1,3,Eastern,53,Male
4,4.55555555555556,Eastern,43,Male
6,4.55555555555556,Eastern,67,Male
2,3.88888888888889,Eastern,52,Male
8,3.77777777777778,Eastern,58,Male
1,3.55555555555556,Eastern,50,Male
7,4.22222222222222,Eastern,60,Female
2,2.88888888888889,Eastern,33,Female
1,3.33333333333333,Eastern,51,Male
1,3,Eastern,38,Male
2,4,Eastern,54,Male
3,3.66666666666667,Eastern,48,Male
7,3.44444444444444,Eastern,40,Male
3,4.22222222222222,Eastern,57,Male
5,4.33333333333333,Eastern,49,Male
4,4,Eastern,31,Female
9,3,Eastern,35,Male
7,3.33333333333333,Eastern,30,Female
4,3.11111111111111,Eastern,47,Male
6,2.44444444444444,Eastern,55,Female
1,4,Eastern,46,Male
4,3.55555555555556,Eastern,45,Female
4,3.44444444444444,Eastern,35,Female
3,3.22222222222222,Eastern,30,Female
5,4.33333333333333,Eastern,49,Male
6,4.44444444444444,Eastern,19,Female
5,4.88888888888889,Eastern,68,Female
1,3.33333333333333,Eastern,40,Female
1,1.55555555555556,Eastern,48,Male
3,4.44444444444444,Eastern,56,Male
6,3.88888888888889,Eastern,43,Male
1,2.33333333333333,Eastern,41,Female
3,4,Eastern,28,Female
2,4,Eastern,55,Male
2,3.11111111111111,Eastern,29,Male
4,4.44444444444444,Eastern,47,Female
2,3.44444444444444,Eastern,44,Female
4,2.66666666666667,Eastern,35,Male
2,3.88888888888889,Eastern,43,Male
6,2.66666666666667,Eastern,55,Female
2,3.44444444444444,Eastern,46,Male
2,3,Eastern,70,Female
1,2.77777777777778,Eastern,50,Female
3,3.11111111111111,Eastern,44,Male
4,3.88888888888889,Eastern,32,Female
1,3,Eastern,27,Female
1,3.77777777777778,Eastern,47,Female
3,4.55555555555556,Eastern,39,Male
5,4,Eastern,52,Male
1,3.33333333333333,Eastern,58,Male
3,3.33333333333333,Eastern,39,Male
5,3.22222222222222,Eastern,48,Male
3,2.77777777777778,Eastern,37,Male
3,3.22222222222222,Eastern,46,Female
7,4,Eastern,57,Male
3,4.11111111111111,Eastern,20,Female
2,3,Eastern,44,Female
3,4.66666666666667,Eastern,49,Male
2,3.66666666666667,Eastern,48,Male
1,2.55555555555556,Eastern,33,Male
1,2.33333333333333,Eastern,53,Male
3,3.88888888888889,Eastern,60,Female
3,3.77777777777778,Eastern,56,Male
1,2.77777777777778,Eastern,46,Female
3,3.77777777777778,Eastern,34,Male
3,2.77777777777778,Eastern,35,Female
4,3.77777777777778,Eastern,52,Male
3,3.11111111111111,Eastern,41,Male
2,4.11111111111111,Eastern,49,Female
2,3.22222222222222,Eastern,27,Female
5,4.66666666666667,Eastern,48,Male
3,4.33333333333333,Eastern,46,Female
6,3.33333333333333,Eastern,50,Male
7,3.88888888888889,Eastern,51,Female
3,3.44444444444444,Eastern,35,Female
3,3.66666666666667,Eastern,37,Male
1,3.88888888888889,Eastern,20,Male
2,3.55555555555556,Eastern,61,Male
4,4.77777777777778,Eastern,20,Female
3,3.44444444444444,Eastern,42,Male
5,4,Eastern,61,Male
1,3,Eastern,56,Female
2,3.33333333333333,Eastern,42,Female
6,3.88888888888889,Eastern,45,Female
1,2.88888888888889,Eastern,56,Male
8,4.55555555555556,Eastern,42,Male
1,4,Eastern,52,Male
5,3.66666666666667,Eastern,41,Male
5,2,Eastern,45,Female
1,3.33333333333333,Eastern,46,Male
7,3.22222222222222,Eastern,56,Male
4,4.33333333333333,Eastern,54,Male
3,3.55555555555556,Eastern,38,Female
7,4.55555555555556,Eastern,44,Female
3,3.44444444444444,Eastern,39,Male
7,4.88888888888889,Eastern,42,Male
2,4.11111111111111,Eastern,67,Male
8,3.88888888888889,Eastern,47,Male
5,4,Eastern,40,Male
6,2.88888888888889,Eastern,18,Female
6,4.33333333333333,Eastern,52,Male
1,3.77777777777778,Eastern,30,Female
8,3.88888888888889,Eastern,39,Male
1,2.77777777777778,Eastern,51,Female
2,3.44444444444444,Eastern,49,Female
3,4.11111111111111,Eastern,31,Male
1,5.11111111111111,Eastern,43,Female
2,3.22222222222222,Eastern,19,Male
3,2.88888888888889,Eastern,24,Female
2,4,Eastern,34,Female
1,2.11111111111111,Eastern,40,Female
5,4.11111111111111,Eastern,30,Female
3,3.88888888888889,Eastern,61,Male
1,3.44444444444444,Eastern,48,Male
3,3.33333333333333,Eastern,43,Male
8,3.11111111111111,Eastern,36,Male
3,4.77777777777778,Eastern,48,Male
1,2.66666666666667,Eastern,42,Male
1,3.22222222222222,Eastern,52,Male
2,3.88888888888889,Eastern,59,Male
1,3.33333333333333,Eastern,32,Female
3,4.33333333333333,Eastern,35,Male
6,4.11111111111111,Eastern,25,Male
1,4,Eastern,50,Female
1,2.77777777777778,Eastern,23,Male
5,3.55555555555556,Eastern,19,Male
1,3.77777777777778,Eastern,19,Male
3,3.77777777777778,Eastern,22,Male
2,4.22222222222222,Eastern,20,Female
2,3.11111111111111,Eastern,22,Male
2,4.11111111111111,Eastern,31,Male
1,2.66666666666667,Eastern,27,Female
1,4.11111111111111,Eastern,23,Female
3,3,Eastern,26,Male
3,2.77777777777778,Eastern,24,Female
2,3.44444444444444,Eastern,21,Female
3,2.77777777777778,Eastern,24,Male
7,3.77777777777778,Eastern,21,Male
3,4.55555555555556,Eastern,22,Male
2,3.44444444444444,Eastern,20,Female
2,3,Eastern,22,Male
9,5,Eastern,19,Male
4,4.66666666666667,Eastern,19,Female
2,3.55555555555556,Eastern,20,Male
2,3.44444444444444,Eastern,19,Female
2,3.22222222222222,Eastern,21,Female
2,4,Eastern,24,Male
1,3.22222222222222,Eastern,23,Male
4,2.22222222222222,Eastern,22,Male
1,1.88888888888889,Eastern,24,Male
1,1.66666666666667,Eastern,24,Female
3,4.66666666666667,Eastern,22,Male
1,2.22222222222222,Eastern,21,Male
2,2.44444444444444,Eastern,23,Female
8,3.55555555555556,Eastern,20,Female
5,3,Eastern,24,Female
2,3.22222222222222,Eastern,20,Male
1,2.44444444444444,Eastern,24,Male
2,3.22222222222222,Eastern,22,Male
2,3.88888888888889,Eastern,29,Male
3,3.66666666666667,Eastern,22,Male
3,2.88888888888889,Eastern,22,Female
4,3.88888888888889,Eastern,30,Female
7,4.33333333333333,Eastern,22,Male
1,2.11111111111111,Eastern,27,Male
1,1.22222222222222,Eastern,31,Male
1,3.44444444444444,Eastern,23,Female
1,4,Eastern,23,Male
1,2,Eastern,25,Male
1,2.66666666666667,Eastern,28,Female
6,3.44444444444444,Eastern,20,Male
3,3.77777777777778,Eastern,31,Male
3,3.22222222222222,Eastern,24,Male
5,3,Eastern,33,Male
4,2.77777777777778,Eastern,20,Female
3,2.77777777777778,Eastern,20,Female
1,2.33333333333333,Eastern,20,Female
4,3,Eastern,21,Female
5,3.77777777777778,Eastern,27,Male
2,3,Eastern,20,Female
4,3.11111111111111,Eastern,19,Female
2,3.44444444444444,Eastern,28,Male
1,2.88888888888889,Eastern,28,Female
1,1.88888888888889,Eastern,32,Female
5,4.33333333333333,Eastern,23,Male
5,3.44444444444444,Eastern,24,Female
1,3,Eastern,30,Female
1,1.55555555555556,Eastern,53,Male
1,3,Eastern,43,Female
5,4.55555555555556,Eastern,20,Female
1,2.33333333333333,Eastern,24,Male
2,2.44444444444444,Eastern,26,Female
2,2.55555555555556,Eastern,23,Female
5,4.22222222222222,Eastern,26,Male
1,3.22222222222222,Eastern,19,Male
7,4.66666666666667,Eastern,22,Female
1,2.88888888888889,Eastern,30,Female
1,1.88888888888889,Eastern,26,Male
2,2.66666666666667,Eastern,30,Male
2,2.77777777777778,Eastern,20,Male
1,2.88888888888889,Eastern,24,Female
2,2.77777777777778,Eastern,22,Female
1,2.66666666666667,Eastern,20,Male
8,2.44444444444444,Eastern,19,Male
2,3.55555555555556,Eastern,23,Male
3,2.44444444444444,Eastern,23,Male
2,2.77777777777778,Eastern,24,Female
1,4.33333333333333,Eastern,31,Male
1,2.44444444444444,Eastern,19,Female
1,2.77777777777778,Eastern,23,Female
9,6,Eastern,53,Female
2,2.88888888888889,Eastern,27,Female
3,3.22222222222222,Eastern,19,Male
2,1.66666666666667,Eastern,26,Female
1,2.22222222222222,Eastern,26,Male
3,3,Eastern,23,Male
4,3,Eastern,29,Female
6,4.11111111111111,Eastern,28,Male
2,2.44444444444444,Eastern,24,Female
1,3.22222222222222,Eastern,29,Male
2,3.44444444444444,Eastern,26,Female
1,3.22222222222222,Eastern,30,Male
2,2.44444444444444,Eastern,21,Male
4,2.33333333333333,Eastern,26,Female
1,3.55555555555556,Eastern,25,Male
5,5.44444444444445,Eastern,26,Female
1,3.11111111111111,Eastern,22,Male
1,2.66666666666667,Eastern,21,Female
5,3.66666666666667,Eastern,19,Male
3,3.77777777777778,Eastern,23,Female
3,4,Eastern,30,Female
5,2.33333333333333,Eastern,19,Male
1,2.55555555555556,Eastern,24,Male
1,2.33333333333333,Eastern,23,Male
6,4.55555555555556,Eastern,39,Female
3,1.88888888888889,Eastern,20,Male
5,2.66666666666667,Eastern,24,Female
1,3.88888888888889,Eastern,20,Female
1,3.22222222222222,Eastern,32,Male
1,1.44444444444444,Eastern,21,Male
2,2.88888888888889,Eastern,47,Female
4,3,Eastern,20,Female
3,3.22222222222222,Eastern,21,Female
2,3.22222222222222,Eastern,29,Male
2,3.88888888888889,Eastern,19,Male
1,1.33333333333333,Eastern,22,Male
6,4,Eastern,21,Male
1,1.33333333333333,Eastern,25,Male
1,1.55555555555556,Eastern,20,Male
1,3.88888888888889,Eastern,18,Male
1,2.77777777777778,Eastern,26,Female
2,3.77777777777778,Eastern,24,Female
7,4.33333333333333,Eastern,28,Female
1,2,Eastern,23,Male
2,2.55555555555556,Eastern,34,Female
1,5,Eastern,23,Female
3,3.44444444444444,Eastern,20,Male
1,3.22222222222222,Eastern,19,Female
2,3,Eastern,28,Male
3,3,Eastern,25,Female
4,1.88888888888889,Eastern,23,Female
1,2.33333333333333,Eastern,21,Female
3,4.22222222222222,Eastern,21,Male
5,3.66666666666667,Eastern,24,Female
1,4.11111111111111,Eastern,50,Male
4,2.88888888888889,Eastern,29,Male
1,3.22222222222222,Eastern,23,Female
2,1.55555555555556,Eastern,25,Female
6,4.66666666666667,Eastern,24,Male
4,4.11111111111111,Eastern,24,Male
1,2.66666666666667,Eastern,24,Female
7,3.55555555555556,Eastern,24,Male
1,2.77777777777778,Eastern,24,Male
5,2.44444444444444,Eastern,23,Female
1,2.77777777777778,Eastern,27,Female
2,1.88888888888889,Eastern,23,Female
1,4.22222222222222,Eastern,22,Male
4,4.22222222222222,Eastern,20,Male
4,3.11111111111111,Eastern,22,Female
4,5.66666666666667,Eastern,22,Male
1,3,Eastern,22,Male
5,6.88888888888889,Eastern,29,Female
7,3.33333333333333,Eastern,22,Female
1,5.33333333333333,Eastern,22,Male
1,2.88888888888889,Eastern,48,Female
3,5.22222222222222,Eastern,24,Male
6,3.55555555555556,Eastern,26,Female
3,3.66666666666667,Eastern,20,Female
3,2.33333333333333,Eastern,24,Female
2,4.44444444444444,Eastern,25,Female
5,3.88888888888889,Eastern,20,Male
1,1.44444444444444,Eastern,22,Male
1,3.11111111111111,Eastern,25,Male
4,2.77777777777778,Eastern,22,Male
3,3.66666666666667,Eastern,21,Female
6,3.44444444444444,Eastern,21,Male
7,2.55555555555556,Eastern,20,Male
1,2.77777777777778,Eastern,25,Female
1,2,Eastern,26,Male
1,3.77777777777778,Eastern,21,Male
4,3.44444444444444,Eastern,23,Male
7,4.22222222222222,Eastern,24,Male
1,2.33333333333333,Eastern,26,Male
3,3.77777777777778,Eastern,31,Male
2,3.22222222222222,Eastern,31,Female
3,2.44444444444444,Eastern,19,Female
3,1.44444444444444,Eastern,18,Female
1,2.55555555555556,Eastern,23,Male
9,4.11111111111111,Eastern,21,Male
7,4.11111111111111,Eastern,20,Female
1,3.66666666666667,Eastern,18,Female
4,4.22222222222222,Southern,48,Female
3,4.22222222222222,Southern,23,Male
3,3.88888888888889,Southern,42,Male
3,3.44444444444444,Southern,37,Female
4,5.22222222222222,Southern,24,Female
2,3.77777777777778,Southern,38,Male
1,3.55555555555556,Southern,34,Female
4,4,Southern,23,Female
4,3.77777777777778,Southern,22,Male
6,3.88888888888889,Southern,19,Female
5,3.88888888888889,Southern,20,Female
4,4.88888888888889,Southern,22,Female
4,2.33333333333333,Southern,23,Female
4,3.22222222222222,Southern,20,Female
1,2.44444444444444,Southern,21,Female
4,3.11111111111111,Southern,21,Female
3,3.55555555555556,Southern,21,Female
4,2,Southern,25,Female
1,2.44444444444444,Southern,21,Female
6,3.22222222222222,Southern,23,Male
6,5.22222222222222,Southern,21,Female
2,4.44444444444444,Southern,19,Female
5,2.22222222222222,Southern,25,Female
5,4.66666666666667,Southern,25,Female
1,4.22222222222222,Southern,19,Female
3,3.66666666666667,Southern,20,Female
2,2.88888888888889,Southern,23,Female
3,4.66666666666667,Southern,28,Female
4,3,Southern,21,Female
3,4.22222222222222,Southern,26,Female
4,3.11111111111111,Southern,21,Female
5,5.66666666666667,Southern,26,Female
9,4.88888888888889,Southern,21,Female
3,4.22222222222222,Southern,21,Female
2,3.11111111111111,Southern,22,Female
4,3.77777777777778,Southern,22,Female
6,2.44444444444444,Southern,19,Female
6,3.33333333333333,Southern,23,Female
1,3.44444444444444,Southern,20,Female
5,4.44444444444444,Southern,20,Female
1,4.22222222222222,Southern,22,Female
4,2.33333333333333,Southern,20,Female
1,5.33333333333333,Southern,20,Female
3,4.77777777777778,Southern,22,Male
1,2.66666666666667,Southern,20,Female
6,4.33333333333333,Southern,30,Female
5,2.55555555555556,Southern,20,Male
1,4,Southern,26,Female
6,3.66666666666667,Southern,21,Female
5,4.22222222222222,Southern,21,Female
1,3,Southern,20,Female
3,4.44444444444444,Southern,24,Female
1,2.55555555555556,Southern,27,Female
2,3.66666666666667,Southern,22,Female
4,3.44444444444444,Southern,27,Female
1,3.66666666666667,Southern,22,Female
2,3.44444444444444,Southern,19,Female
1,3.44444444444444,Southern,21,Female
3,4.33333333333333,Southern,22,Female
5,3.22222222222222,Southern,20,Female
2,3.55555555555556,Southern,22,Female
7,3.66666666666667,Southern,22,Female
3,4.33333333333333,Southern,50,Female
3,4.22222222222222,Southern,23,Female
6,3.44444444444444,Southern,19,Female
1,3.88888888888889,Southern,19,Female
1,2.88888888888889,Southern,19,Female
1,2.11111111111111,Southern,20,Female
1,1.77777777777778,Southern,34,Female
5,2.77777777777778,Southern,19,Female
6,4.33333333333333,Southern,19,Female
4,3.33333333333333,Southern,21,Female
2,3.66666666666667,Southern,21,Female
3,3.33333333333333,Southern,21,Female
3,3.55555555555556,Southern,30,Female
7,4.22222222222222,Southern,29,Female
7,6,Southern,23,Male
7,5.66666666666667,Southern,23,Female
5,3.33333333333333,Southern,23,Female
5,4,Southern,25,Female
2,4.22222222222222,Southern,32,Female
5,4.88888888888889,Southern,81,Female
2,2.88888888888889,Southern,21,Female
5,4,Southern,23,Male
3,3.88888888888889,Southern,22,Female
4,3.22222222222222,Southern,24,Male
1,3.55555555555556,Southern,19,Female
6,4,Southern,20,Female
4,3,Southern,24,Female
4,4.55555555555556,Southern,24,Female
2,3.44444444444444,Southern,22,Female
4,4,Southern,23,Female
4,3.66666666666667,Southern,20,Male
3,2.88888888888889,Southern,19,Female
1,2.33333333333333,Southern,20,Female
5,3.33333333333333,Southern,21,Female
6,3.88888888888889,Southern,20,Female
2,3.44444444444444,Southern,24,Female
3,3.55555555555556,Southern,22,Female
4,2.66666666666667,Southern,21,Male
1,3.55555555555556,Southern,19,Female
1,3.55555555555556,Southern,22,Female
3,3.88888888888889,Southern,21,Male
6,2.55555555555556,Southern,23,Female
3,4.77777777777778,Southern,34,Male
2,3.44444444444444,Southern,19,Female
6,3.66666666666667,Southern,23,Male
5,4,Southern,26,Male
3,3.22222222222222,Southern,20,Female
2,2.55555555555556,Southern,19,Male
3,3.77777777777778,Southern,22,Female
3,4.33333333333333,Southern,20,Female
3,3.11111111111111,Southern,23,Female
8,4.11111111111111,Southern,30,Female
4,6,Southern,28,Female
3,4.33333333333333,Southern,23,Female
5,3.11111111111111,Southern,84,Female
4,3.44444444444444,Southern,20,Female
3,4.66666666666667,Southern,24,Male
6,4.22222222222222,Southern,21,Male
1,2.11111111111111,Southern,33,Female
3,3,Southern,22,Female
7,3.44444444444444,Southern,19,Male
4,4.22222222222222,Southern,19,Female
4,2.66666666666667,Southern,45,Male
1,3.77777777777778,Southern,21,Male
6,4,Southern,25,Male
5,5,Southern,20,Male
6,4.11111111111111,Southern,25,Male
3,4,Southern,30,Female
6,3,Southern,20,Female
5,3,Southern,30,Male
4,4.22222222222222,Southern,24,Female
2,4.11111111111111,Southern,19,Female
9,2.66666666666667,Southern,51,Female
2,3.77777777777778,Southern,19,Female
3,2.55555555555556,Southern,21,Female
4,4.33333333333333,Southern,24,Female
4,4.77777777777778,Southern,23,Female
2,2.88888888888889,Southern,32,Female
5,3.88888888888889,Southern,20,Female
4,3.55555555555556,Southern,22,Female
2,4.11111111111111,Southern,24,Female
1,4.66666666666667,Southern,21,Female
2,4.66666666666667,Southern,21,Female
5,3.66666666666667,Southern,24,Female
1,3.44444444444444,Southern,22,Male
4,5.33333333333333,Southern,20,Female
6,3.44444444444444,Southern,21,Female
4,3.77777777777778,Southern,23,Female
1,2.88888888888889,Southern,27,Female
1,2.55555555555556,Southern,20,Female
1,3.33333333333333,Southern,25,Female
4,3.33333333333333,Southern,21,Female
3,3,Southern,25,Female
5,4.22222222222222,Southern,43,Female
4,4.44444444444444,Southern,19,Female
1,2.88888888888889,Southern,36,Female
1,3.11111111111111,Southern,23,Female
4,3.44444444444444,Southern,20,Female
3,3.22222222222222,Southern,21,Female
7,4.33333333333333,Southern,20,Female
6,3.55555555555556,Southern,22,Female
4,4.88888888888889,Southern,20,Female
1,4.66666666666667,Southern,20,Female
4,4.44444444444444,Southern,33,Female
6,3.88888888888889,Southern,20,Male
1,4,Southern,20,Female
4,2.77777777777778,Southern,20,Female
7,3.88888888888889,Southern,21,Female
7,4.44444444444444,Southern,20,Female
2,3.77777777777778,Southern,20,Male
3,4.11111111111111,Southern,24,Female
3,2.66666666666667,Southern,21,Female
1,2.33333333333333,Southern,31,Female
1,3.33333333333333,Southern,51,Female
1,5,Southern,23,Female
1,3.11111111111111,Southern,39,Female
2,3.77777777777778,Southern,26,Female
2,4.44444444444444,Southern,22,Male
4,2.55555555555556,Southern,20,Female
3,4,Southern,21,Female
2,2.77777777777778,Southern,25,Female
3,3.77777777777778,Southern,20,Female
2,4.66666666666667,Southern,24,Female
5,4.33333333333333,Southern,31,Male
6,2.77777777777778,Southern,19,Female
4,3.55555555555556,Southern,30,Female
1,3.55555555555556,Southern,31,Female
4,3.88888888888889,Southern,38,Female
4,3.11111111111111,Southern,21,Female
1,3.22222222222222,Southern,38,Female
4,4.11111111111111,Southern,21,Female
5,3.66666666666667,Southern,23,Female
4,4.22222222222222,Southern,19,Female
2,2.55555555555556,Southern,48,Female
5,4.88888888888889,Southern,20,Female
6,3.22222222222222,Southern,21,Female
3,4.77777777777778,Southern,20,Female
2,2.77777777777778,Southern,21,Female
1,1.11111111111111,Southern,45,Female
4,5.22222222222222,Southern,25,Female
1,2.88888888888889,Southern,50,Male
3,3.88888888888889,Southern,19,Female
3,3.11111111111111,Southern,19,Female
2,1.77777777777778,Southern,55,Female
2,4.55555555555556,Southern,38,Female
4,3.11111111111111,Southern,21,Female
3,3.88888888888889,Southern,22,Female
2,4.44444444444444,Southern,25,Female
5,4.88888888888889,Southern,21,Female
3,3.88888888888889,Southern,20,Female
6,4.77777777777778,Southern,20,Female
2,4.33333333333333,Southern,23,Male
5,4.44444444444444,Southern,21,Female
3,3.44444444444444,Southern,21,Female
1,3.88888888888889,Southern,29,Female
1,2.44444444444444,Southern,20,Female
3,4.33333333333333,Southern,21,Female
6,4.11111111111111,Southern,20,Female
4,5.11111111111111,Southern,20,Female
3,3.66666666666667,Southern,21,Female
3,2,Southern,34,Male
2,4,Southern,54,Female
1,2.11111111111111,Southern,40,Female
1,3,Southern,51,Male
1,3.11111111111111,Southern,50,Male
4,2.44444444444444,Southern,26,Female
3,2.88888888888889,Southern,20,Female
3,4.33333333333333,Southern,21,Female
7,3.55555555555556,Southern,22,Female
4,3.88888888888889,Southern,28,Female
1,2.77777777777778,Southern,40,Male
5,3.44444444444444,Southern,19,Female
1,4.66666666666667,Southern,31,Female
2,4.44444444444444,Southern,50,Female
2,4.11111111111111,Southern,23,Female
3,3.88888888888889,Southern,20,Female
5,2.44444444444444,Southern,42,Male
1,4.77777777777778,Southern,40,Female
2,3.22222222222222,Southern,26,Female
1,3.44444444444444,Southern,43,Female
5,4.33333333333333,Southern,20,Female
1,4,Southern,67,Male
4,3.77777777777778,Southern,25,Female
1,4.55555555555556,Southern,31,Female
1,2.22222222222222,Southern,29,Male
5,4.55555555555556,Southern,35,Female
5,3.44444444444444,Southern,36,Male
2,2.66666666666667,Southern,27,Female
5,5.66666666666667,Southern,25,Male
3,4.11111111111111,Southern,20,Female
4,4.11111111111111,Southern,20,Female
1,4.77777777777778,Southern,36,Female
2,2.77777777777778,Southern,22,Female
1,3.33333333333333,Southern,36,Female
1,2,Southern,24,Female
9,4.33333333333333,Southern,72,Female
1,3.11111111111111,Southern,59,Female
5,2.33333333333333,Southern,18,Male
4,4.11111111111111,Southern,60,Male
1,3.33333333333333,Southern,28,Female
6,3.55555555555556,Southern,20,Female
4,3.22222222222222,Southern,21,Female
5,2,Southern,22,Female
1,3.55555555555556,Southern,31,Female
7,5.33333333333333,Southern,21,Female
6,4.77777777777778,Southern,40,Female
3,4,Southern,21,Female
2,4.88888888888889,Southern,22,Female
5,4.22222222222222,Southern,23,Female
3,4.44444444444444,Southern,20,Male
3,3.77777777777778,Southern,21,Female
6,4.33333333333333,Southern,20,Female
2,3.66666666666667,Southern,22,Female
1,3,Southern,58,Male
6,6.22222222222222,Southern,21,Female
1,3.11111111111111,Southern,20,Male
7,3,Southern,20,Female
2,4.55555555555556,Southern,20,Female
3,3,Southern,37,Female
6,3.77777777777778,Southern,64,Female
3,4,Southern,20,Female
2,2.88888888888889,Southern,31,Female
6,2.22222222222222,Southern,26,Female
5,4.11111111111111,Southern,23,Female
4,3,Southern,23,Female
5,4.55555555555556,Southern,20,Female
2,5.55555555555556,Southern,24,Female
1,2.44444444444444,Southern,28,Male
1,3.55555555555556,Southern,21,Female
4,3,Southern,59,Female
1,1.66666666666667,Southern,45,Male
2,3.88888888888889,Southern,57,Female
1,3.77777777777778,Southern,52,Female
3,3.44444444444444,Southern,22,Female
3,3.55555555555556,Southern,31,Female
3,2.77777777777778,Southern,23,Female
6,4.11111111111111,Southern,28,Female
2,2,Southern,37,Male
4,4.55555555555556,Southern,22,Female
1,2.33333333333333,Southern,49,Female
2,1.55555555555556,Southern,19,Female
1,1.88888888888889,Southern,22,Female
3,3.33333333333333,Southern,23,Female
5,3.33333333333333,Southern,23,Female
2,3.22222222222222,Southern,22,Male
2,3.44444444444444,Southern,24,Female
1,3.11111111111111,Southern,23,Female
5,4.77777777777778,Southern,21,Female
1,2.33333333333333,Southern,24,Male
3,3.88888888888889,Southern,20,Female
7,2.66666666666667,Southern,22,Female
9,3.66666666666667,Southern,65,Male
1,3.55555555555556,Southern,21,Female
3,3.88888888888889,Southern,19,Female
6,3.44444444444444,Southern,21,Female
7,3.11111111111111,Southern,23,Female
1,3.33333333333333,Southern,23,Female
4,4,Southern,21,Male
2,2.77777777777778,Southern,25,Female
1,4.22222222222222,Southern,36,Male
6,4.88888888888889,Southern,77,Male
8,3.44444444444444,Southern,27,Female
5,3.44444444444444,Southern,23,Female
3,2.66666666666667,Southern,23,Female
3,3.55555555555556,Southern,21,Female
4,3.66666666666667,Southern,23,Female
6,4,Southern,23,Male
5,3.33333333333333,Southern,24,Female
1,3.88888888888889,Southern,63,Female
1,3.77777777777778,Southern,21,Female
4,4.55555555555556,Southern,21,Female
2,4.44444444444444,Southern,19,Female
1,5.33333333333333,Southern,22,Female
1,3.88888888888889,Southern,60,Female
3,5.33333333333333,Southern,32,Female
3,3.33333333333333,Southern,23,Female
3,2.11111111111111,Southern,20,Female
1,3.33333333333333,Southern,19,Female
3,3.22222222222222,Southern,24,Female
2,5,Southern,20,Female
6,3.55555555555556,Southern,19,Female
6,4.33333333333333,Southern,22,Female
6,5.44444444444445,Southern,20,Female
2,3.77777777777778,Southern,20,Female
6,4.55555555555556,Southern,46,Female
1,2.55555555555556,Southern,60,Female
3,2,Southern,21,Female
4,3.22222222222222,Southern,52,Female
3,5.11111111111111,Southern,31,Male
5,3.66666666666667,Southern,48,Female
2,3.55555555555556,Southern,72,Male
3,1,Southern,24,Female
1,2.66666666666667,Southern,30,Male
1,4,Southern,20,Female
9,3.33333333333333,Southern,41,Female
5,4.77777777777778,Southern,22,Female
7,5,Southern,53,Female
7,3.88888888888889,Southern,65,Male
3,1.88888888888889,Southern,40,Female
2,3.22222222222222,Southern,28,Female
5,4.44444444444444,Southern,84,Male
1,2.88888888888889,Southern,27,Female
6,3.77777777777778,Southern,23,Female
9,5.88888888888889,Southern,23,Female
1,3.22222222222222,Southern,42,Female
3,3,Southern,29,Female
6,4.44444444444444,Southern,23,Female
5,5.11111111111111,Southern,21,Female
4,5,Southern,22,Female
5,2.66666666666667,Southern,70,Female
3,3.22222222222222,Southern,23,Male
4,4,Southern,21,Female
1,2.33333333333333,Southern,36,Female
4,4.55555555555556,Southern,21,Male
2,4.44444444444444,Southern,21,Female
1,4.66666666666667,Southern,25,Female
2,3.11111111111111,Southern,21,Male
4,3.33333333333333,Southern,20,Female
3,2.77777777777778,Southern,20,Female
4,4.11111111111111,Southern,19,Female
6,4.44444444444444,Southern,24,Female
3,2.22222222222222,Southern,19,Female
3,4.22222222222222,Southern,23,Male
1,4.11111111111111,Southern,32,Female
1,4.22222222222222,Southern,24,Female
3,3.55555555555556,Southern,21,Female
7,2.66666666666667,Southern,22,Female
5,2.77777777777778,Southern,40,Female
2,2.88888888888889,Southern,19,Female
5,5,Southern,23,Female
3,3.33333333333333,Southern,20,Female
1,4.22222222222222,Southern,22,Female
4,3,Southern,23,Male
6,4.66666666666667,Southern,19,Female
3,3.22222222222222,Southern,24,Female
1,3.88888888888889,Southern,22,Female
4,5.77777777777778,Southern,19,Female
4,3.88888888888889,Southern,22,Male
2,2.77777777777778,Southern,21,Female
7,3,Southern,22,Male
4,3.22222222222222,Southern,20,Male
2,4.22222222222222,Southern,20,Female
5,4.11111111111111,Southern,21,Female
3,3.88888888888889,Southern,23,Female
4,2.55555555555556,Southern,19,Female
4,4.44444444444444,Southern,20,Male
2,3,Southern,22,Female
3,2.55555555555556,Southern,35,Female
3,4.33333333333333,Southern,22,Female
2,3.22222222222222,Southern,38,Female
5,2.77777777777778,Southern,24,Female
3,2.77777777777778,Southern,27,Male
1,4.77777777777778,Southern,21,Female
5,4,Southern,19,Female
7,4.55555555555556,Southern,20,Male
1,3.66666666666667,Southern,22,Female
3,4,Southern,27,Female
4,4.44444444444444,Southern,28,Male
1,1.55555555555556,Southern,36,Female
5,3.11111111111111,Southern,21,Female
2,3.33333333333333,Southern,20,Female
3,5.77777777777778,Southern,21,Female
1,1.88888888888889,Southern,68,Female
4,3.88888888888889,Southern,23,Female
5,4.22222222222222,Southern,23,Female
4,3.88888888888889,Southern,24,Female
6,1.88888888888889,Southern,24,Male
1,3.33333333333333,Southern,23,Female
1,3.44444444444444,Southern,31,Female
1,3.66666666666667,Southern,52,Female
4,2.44444444444444,Southern,44,Female
3,4.33333333333333,Southern,18,Female
5,4.88888888888889,Southern,22,Female
5,3.88888888888889,Southern,49,Female
5,5.11111111111111,Southern,21,Female
4,4,Southern,21,Female
4,4.22222222222222,Southern,23,Female
1,4,Southern,21,Male
1,5.11111111111111,Southern,30,Female
2,2.22222222222222,Southern,25,Female
3,3.44444444444444,Southern,23,Female
5,5,Southern,20,Female
1,3.22222222222222,Southern,19,Female
3,3.77777777777778,Southern,20,Female
9,3.88888888888889,Southern,19,Female
6,5.11111111111111,Southern,21,Female
5,3.77777777777778,Southern,22,Female
4,2.88888888888889,Southern,21,Female
4,3.88888888888889,Southern,28,Female
1,3,Southern,20,Female
1,2.11111111111111,Southern,22,Female
4,5.66666666666667,Southern,22,Female
2,3.33333333333333,Southern,20,Female
4,4.55555555555556,Southern,21,Female
2,3.55555555555556,Southern,22,Female
5,3.11111111111111,Southern,20,Female
3,3.55555555555556,Southern,34,Female
3,2.22222222222222,Southern,34,Female
5,3,Southern,20,Female
5,4,Southern,21,Female
3,3.77777777777778,Southern,22,Female
4,4.44444444444444,Southern,21,Female
2,2.88888888888889,Southern,23,Female
4,3.66666666666667,Southern,20,Female
4,2.77777777777778,Southern,23,Female
7,4,Southern,23,Female
6,3.66666666666667,Southern,23,Female
3,4.11111111111111,Southern,23,Female
1,3.44444444444444,Southern,22,Female
3,4.44444444444444,Southern,22,Female
2,3.55555555555556,Southern,20,Female
4,3.88888888888889,Southern,22,Female
1,4.11111111111111,Southern,22,Male
1,3.44444444444444,Southern,24,Female
2,3.88888888888889,Southern,22,Female
1,2.66666666666667,Southern,27,Female
5,3.88888888888889,Southern,21,Female
2,2.77777777777778,Southern,24,Female
2,2.44444444444444,Southern,21,Female
2,3.22222222222222,Southern,22,Female
6,4.22222222222222,Southern,29,Female
3,3.44444444444444,Southern,22,Female
6,5.55555555555556,Southern,21,Female
1,3.33333333333333,Southern,21,Female
1,3.66666666666667,Southern,20,Female
4,5.22222222222222,Southern,22,Female
2,4.55555555555556,Southern,21,Male
1,3,Southern,28,Male
2,3.88888888888889,Southern,22,Female
2,3.11111111111111,Southern,21,Female
5,5.88888888888889,Southern,21,Female
2,3.55555555555556,Southern,20,Female
2,5,Southern,23,Female
3,3.88888888888889,Southern,21,Female
6,4.88888888888889,Southern,20,Female
5,3.66666666666667,Southern,20,Female
7,4.44444444444444,Southern,20,Female
2,5.11111111111111,Southern,19,Female
9,4.33333333333333,Southern,22,Female
3,4.33333333333333,Southern,22,Female
3,4.33333333333333,Southern,21,Male
1,3.33333333333333,Southern,24,Female
4,3.11111111111111,Southern,58,Female
1,2.33333333333333,Southern,56,Female
7,3.33333333333333,Southern,24,Female
6,3.33333333333333,Southern,35,Female
2,4.55555555555556,Southern,21,Female
2,4.33333333333333,Southern,21,Female
3,3.88888888888889,Southern,19,Female
8,3.77777777777778,Southern,46,Female
2,1.55555555555556,Southern,23,Female
4,4.33333333333333,Southern,26,Male
1,3,Southern,25,Female
5,4.33333333333333,Southern,22,Female
4,3.77777777777778,Southern,21,Female
1,3.88888888888889,Southern,41,Female
6,4.55555555555556,Southern,25,Female
2,3.33333333333333,Southern,21,Female
1,3.44444444444444,Southern,23,Female
1,3.88888888888889,Southern,34,Female
4,2.33333333333333,Southern,21,Female
6,4.55555555555556,Southern,20,Female
5,3.66666666666667,Southern,22,Male
1,4.11111111111111,Southern,27,Female
4,3.66666666666667,Southern,22,Female
1,4.33333333333333,Southern,20,Female
1,3.33333333333333,Southern,21,Female
3,3.22222222222222,Southern,19,Female
2,4.55555555555556,Southern,21,Female
5,5.11111111111111,Southern,23,Female
2,1.66666666666667,Southern,22,Female
4,4.77777777777778,Southern,23,Male
1,5.22222222222222,Southern,56,Female
3,4,Southern,19,Female
5,5.44444444444445,Southern,22,Female
2,3.11111111111111,Southern,22,Female
2,4,Southern,22,Female
4,3.88888888888889,Southern,20,Female
2,4.88888888888889,Southern,20,Female
5,3.55555555555556,Southern,21,Female
3,4.22222222222222,Southern,20,Female
2,3.88888888888889,Southern,27,Female
3,4.77777777777778,Southern,27,Female
4,3.88888888888889,Southern,22,Female
4,3.88888888888889,Southern,21,Female
4,2.66666666666667,Southern,20,Female
2,3.88888888888889,Southern,22,Female
1,3.11111111111111,Southern,21,Male
4,3.77777777777778,Southern,37,Female
2,2.66666666666667,Southern,21,Male
1,4.11111111111111,Southern,20,Female
5,2.77777777777778,Southern,22,Female
5,4.11111111111111,Southern,20,Female
2,2.55555555555556,Southern,21,Male
2,4.88888888888889,Southern,18,Female
1,4.22222222222222,Southern,21,Female
5,4.77777777777778,Southern,23,Female
7,3.44444444444444,Southern,18,Male
3,2.55555555555556,Southern,27,Male
1,2.77777777777778,Southern,22,Male
1,1,Southern,25,Male
3,4.22222222222222,Southern,22,Female
5,5.33333333333333,Southern,20,Male
5,4.11111111111111,Southern,53,Male
3,3.33333333333333,Southern,26,Male
4,4.11111111111111,Southern,23,Male
6,4.55555555555556,Southern,22,Female
1,3.55555555555556,Southern,55,Male
2,3.22222222222222,Southern,34,Female
4,3.88888888888889,Southern,31,Female
3,4.22222222222222,Southern,23,Female
1,3.44444444444444,Southern,22,Male
1,3.77777777777778,Southern,56,Male
5,4.33333333333333,Southern,23,Female
3,4.88888888888889,Southern,21,Female
7,5.66666666666667,Southern,20,Female
3,4,Southern,21,Female
1,3.55555555555556,Southern,19,Male
3,4.11111111111111,Southern,22,Male
3,4.44444444444444,Southern,20,Female
5,4,Southern,20,Female
6,5.11111111111111,Southern,21,Female
8,5.88888888888889,Southern,21,Female
1,3.66666666666667,Southern,59,Female
8,5.88888888888889,Southern,21,Female
7,4.88888888888889,Southern,23,Male
1,3.55555555555556,Southern,20,Male
6,5.22222222222222,Southern,21,Female
3,3.55555555555556,Southern,21,Female
4,2.77777777777778,Southern,23,Male
3,4.33333333333333,Southern,22,Male
1,2.44444444444444,Southern,19,Male
5,4.44444444444444,Southern,20,Male
2,3.11111111111111,Southern,22,Male
6,3.77777777777778,Southern,29,Female
7,5.55555555555556,Southern,20,Male
3,3.88888888888889,Southern,21,Female
3,4.11111111111111,Southern,21,Female
6,4,Southern,21,Female
4,3.88888888888889,Southern,20,Male
4,4.88888888888889,Southern,23,Female
3,3.77777777777778,Southern,29,Female
1,3.66666666666667,Southern,31,Male
3,4,Southern,20,Female
1,2.77777777777778,Southern,27,Female
5,4.33333333333333,Southern,23,Male
2,4.55555555555556,Southern,21,Female
1,3.44444444444444,Southern,30,Female
7,4.55555555555556,Southern,26,Female
4,4,Southern,23,Female
5,1.88888888888889,Southern,18,Male
6,4.11111111111111,Southern,21,Female
4,4.33333333333333,Southern,19,Male
6,4.44444444444444,Southern,20,Female
3,3.88888888888889,Southern,18,Male
7,4.55555555555556,Southern,18,Male
5,4.33333333333333,Southern,22,Female
6,2.55555555555556,Southern,20,Female
6,5.44444444444445,Southern,19,Male
4,4.44444444444444,Southern,19,Female
9,3.66666666666667,Southern,20,Female
2,2.44444444444444,Southern,18,Female
3,3,Southern,20,Male
7,3.77777777777778,Southern,18,Male
7,4.44444444444444,Southern,20,Male
6,2.66666666666667,Southern,20,Female
8,4.11111111111111,Southern,20,Male
2,4,Southern,20,Female
4,3.11111111111111,Southern,23,Male
4,2.55555555555556,Southern,19,Female
6,4,Southern,20,Female
3,2.77777777777778,Southern,27,Female
2,2.88888888888889,Southern,66,Female
1,2,Southern,25,Male
1,3,Southern,20,Female
4,4.33333333333333,Southern,19,Male
3,3.88888888888889,Southern,37,Male
6,5.44444444444445,Southern,18,Male
4,3,Southern,21,Female
7,4.44444444444444,Southern,19,Male
4,3.55555555555556,Southern,19,Male
1,4,Southern,20,Female
1,3,Southern,19,Female
9,4.77777777777778,Southern,20,Female
3,2.88888888888889,Southern,19,Female
3,4,Southern,22,Female
7,2.66666666666667,Southern,23,Female
3,3.11111111111111,Southern,20,Female
2,5.11111111111111,Southern,19,Male
1,2.66666666666667,Southern,19,Female
2,3.33333333333333,Southern,20,Male
6,4.88888888888889,Southern,20,Male
1,3.22222222222222,Southern,25,Male
2,2.22222222222222,Southern,20,Male
8,5.33333333333333,Southern,21,Female
1,3.77777777777778,Southern,21,Male
3,2.77777777777778,Southern,20,Female
2,3.66666666666667,Southern,21,Female
1,2.55555555555556,Southern,53,Female
7,5.66666666666667,Southern,19,Male
1,4.11111111111111,Southern,22,Female
1,2.22222222222222,Southern,23,Female
5,2.66666666666667,Southern,20,Female
4,3.44444444444444,Southern,21,Female
1,3,Southern,19,Male
1,1.66666666666667,Southern,21,Female
9,4.55555555555556,Southern,22,Male
5,4.33333333333333,Southern,22,Female
4,4.11111111111111,Southern,24,Female
2,4.88888888888889,Southern,23,Female
9,4.22222222222222,Southern,21,Male
5,4,Southern,18,Female
1,3.22222222222222,Southern,68,Female
9,4.88888888888889,Southern,39,Female
1,3.22222222222222,Southern,49,Female
5,4.33333333333333,Southern,20,Male
3,3.55555555555556,Southern,21,Female
3,4,Southern,18,Male
1,4.44444444444444,Southern,22,Male
3,4.33333333333333,Southern,20,Male
1,2.77777777777778,Southern,19,Female
1,4.44444444444444,Southern,21,Male
3,3.88888888888889,Southern,21,Male
7,4.11111111111111,Southern,18,Male
6,4.77777777777778,Southern,20,Male
2,4.33333333333333,Southern,19,Male
6,1.88888888888889,Southern,22,Male
7,4,Southern,22,Male
3,4.11111111111111,Southern,19,Female
2,1.66666666666667,Southern,29,Female
3,4.11111111111111,Southern,23,Female
4,3.55555555555556,Southern,23,Male
6,4.77777777777778,Southern,20,Female
1,4.11111111111111,Southern,21,Male
2,4.44444444444444,Southern,21,Male
4,4.44444444444444,Southern,20,Female
3,3.22222222222222,Southern,28,Female
1,2.22222222222222,Southern,36,Female
5,4.44444444444444,Southern,24,Female
4,3.33333333333333,Southern,21,Male
4,2.77777777777778,Southern,31,Female
5,4.11111111111111,Southern,25,Female
3,2.33333333333333,Southern,21,Female
1,2.33333333333333,Southern,31,Male
3,3.11111111111111,Southern,26,Female
1,5.22222222222222,Southern,19,Male
2,5.11111111111111,Southern,35,Female
4,4.88888888888889,Southern,18,Female
7,3.88888888888889,Southern,32,Male
6,3.77777777777778,Southern,32,Female
1,2.88888888888889,Southern,34,Female
5,4.11111111111111,Southern,29,Female
3,3.88888888888889,Southern,22,Female
1,4,Southern,28,Female
2,4.88888888888889,Southern,26,Female
1,3.11111111111111,Southern,27,Female
1,4.22222222222222,Southern,49,Female
1,3.88888888888889,Southern,27,Male
2,3.66666666666667,Southern,26,Male
3,4.33333333333333,Southern,23,Male
1,3.55555555555556,Southern,32,Female
2,3.66666666666667,Southern,21,Female
6,4.55555555555556,Southern,31,Female
4,3.88888888888889,Southern,26,Female
3,3.33333333333333,Southern,22,Male
1,3,Southern,52,Male
1,3.88888888888889,Southern,19,Female
4,4.22222222222222,Southern,21,Female
1,3.44444444444444,Southern,43,Male
1,4.11111111111111,Southern,62,Male
2,4.22222222222222,Southern,63,Male
2,3,Southern,30,Female
5,4.77777777777778,Southern,22,Male
1,5.11111111111111,Southern,52,Male
2,5,Southern,73,Male
1,3,Southern,47,Female
1,3.66666666666667,Southern,39,Male
1,3,Southern,22,Male
4,3.88888888888889,Southern,23,Female
6,5,Southern,61,Male
7,3.77777777777778,Southern,20,Female
1,4.44444444444444,Southern,26,Female
1,3.88888888888889,Southern,23,Female
4,3.44444444444444,Southern,21,Female
8,4.55555555555556,Southern,33,Male
3,2.55555555555556,Southern,22,Male
1,3.55555555555556,Southern,31,Male
3,4.66666666666667,Southern,22,Male
4,2.88888888888889,Southern,28,Male
5,2.77777777777778,Southern,20,Male
1,2.66666666666667,Southern,29,Male
4,5.33333333333333,Southern,22,Female
3,3.77777777777778,Southern,22,Female
3,5.33333333333333,Southern,24,Female
1,5.11111111111111,Southern,34,Female
3,4.33333333333333,Southern,20,Female
1,2.55555555555556,Southern,28,Female
2,2,Southern,20,Male
1,3.55555555555556,Southern,54,Male
3,6,Southern,20,Male
3,4.77777777777778,Southern,29,Male
1,3.66666666666667,Southern,35,Female
2,4.44444444444444,Southern,22,Female
4,4,Southern,27,Male
1,2.77777777777778,Southern,48,Male
3,3.22222222222222,Southern,23,Female
3,3.33333333333333,Southern,18,Male
6,4.22222222222222,Southern,23,Female
1,3.88888888888889,Southern,58,Female
1,2.44444444444444,Southern,25,Female
4,4,Southern,21,Female
5,4.44444444444444,Southern,20,Female
9,2.88888888888889,Southern,22,Female
5,3.77777777777778,Southern,42,Female
1,1.55555555555556,Southern,27,Female
2,3.22222222222222,Southern,22,Female
3,4,Southern,19,Female
1,4.44444444444444,Southern,49,Female
1,4.22222222222222,Southern,58,Male
5,2.66666666666667,Southern,29,Male
2,3.44444444444444,Southern,23,Female
8,5.22222222222222,Southern,32,Female
1,4.11111111111111,Southern,40,Male
1,4.33333333333333,Southern,24,Female
3,4,Southern,35,Female
1,2.77777777777778,Southern,28,Female
1,4.11111111111111,Southern,52,Female
3,4.22222222222222,Southern,27,Female
1,2.66666666666667,Southern,57,Female
3,4,Southern,48,Female
3,2.44444444444444,Southern,20,Male
1,3.88888888888889,Southern,24,Male
3,4.22222222222222,Southern,21,Male
2,4.44444444444444,Southern,27,Female
1,2.22222222222222,Southern,44,Male
4,3.22222222222222,Southern,22,Male
5,3.55555555555556,Southern,20,Female
3,2.22222222222222,Southern,22,Male
1,3.66666666666667,Southern,50,Male
6,4.77777777777778,Southern,24,Male
1,1.33333333333333,Southern,22,Male
3,4,Southern,21,Female
1,4.44444444444444,Southern,19,Male
1,4,Southern,21,Female
3,5.66666666666667,Southern,20,Female
4,3.77777777777778,Southern,21,Female
3,2.77777777777778,Southern,27,Female
5,4.88888888888889,Southern,19,Female
4,5.33333333333333,Southern,21,Female
7,4.66666666666667,Southern,21,Female
4,3.33333333333333,Southern,23,Male
1,2.33333333333333,Southern,23,Female
3,3.44444444444444,Southern,20,Male
7,5.22222222222222,Southern,21,Female
1,3.22222222222222,Southern,23,Female
6,4.55555555555556,Southern,21,Female
8,5.55555555555556,Southern,20,Female
6,4.11111111111111,Southern,19,Female
6,4,Southern,19,Male
3,3.66666666666667,Southern,19,Male
1,3.66666666666667,Southern,19,Female
1,4.11111111111111,Southern,20,Female
4,2.33333333333333,Southern,22,Male
7,5.33333333333333,Southern,36,Female
1,3.44444444444444,Southern,41,Female
6,4.88888888888889,Southern,21,Male
2,5,Southern,29,Male
5,3.44444444444444,Southern,24,Male
3,3.88888888888889,Southern,25,Female
4,2.77777777777778,Southern,19,Male
6,3.88888888888889,Southern,23,Female
4,4.22222222222222,Southern,23,Female
1,4.77777777777778,Southern,28,Female
2,3.11111111111111,Southern,24,Female
3,3.77777777777778,Southern,24,Male
1,2.88888888888889,Southern,26,Female
6,4.44444444444444,Southern,20,Male
4,3.77777777777778,Southern,32,Female
7,3.66666666666667,Southern,24,Male
1,2.44444444444444,Southern,50,Male
2,3.11111111111111,Southern,25,Male
1,2.88888888888889,Southern,24,Male
4,4.77777777777778,Southern,25,Male
7,4,Southern,24,Male
1,4.22222222222222,Southern,20,Female
4,3.55555555555556,Southern,24,Male
4,3.88888888888889,Southern,24,Female
1,2.77777777777778,Southern,23,Male
2,5,Southern,18,Male
4,3.22222222222222,Southern,20,Male
5,4.44444444444444,Southern,24,Male
6,3.22222222222222,Southern,24,Male
1,2.66666666666667,Southern,35,Female
8,4.44444444444444,Southern,20,Male
2,4.22222222222222,Southern,31,Female
1,3.77777777777778,Southern,55,Female
3,3.33333333333333,Southern,28,Female
3,4.44444444444444,Southern,23,Female
6,3.44444444444444,Southern,24,Female
1,5.33333333333333,Southern,40,Female
6,4.88888888888889,Southern,32,Male
1,4.77777777777778,Southern,30,Male
3,3.33333333333333,Southern,28,Male
5,5,Southern,24,Male
4,5.11111111111111,Southern,28,Female
3,2.33333333333333,Southern,25,Male
3,4.66666666666667,Southern,33,Male
5,5.22222222222222,Southern,20,Female
2,4.11111111111111,Southern,25,Male
5,5.22222222222222,Southern,19,Male
4,4,Southern,22,Female
1,2.88888888888889,Southern,39,Female
4,2.66666666666667,Southern,18,Male
3,5.44444444444445,Southern,30,Female
2,2.33333333333333,Southern,18,Male
5,2.77777777777778,Southern,25,Male
5,4.66666666666667,Southern,26,Male
5,4,Southern,21,Male
3,4.11111111111111,Southern,25,Female
4,3.77777777777778,Southern,19,Female
3,4,Southern,25,Male
7,3.55555555555556,Southern,25,Female
1,3,Southern,26,Male
6,2.88888888888889,Southern,24,Female
1,3.44444444444444,Southern,27,Male
1,4.22222222222222,Southern,19,Female
5,6.55555555555556,Southern,19,Male
4,2.88888888888889,Southern,26,Male
5,3,Southern,65,Female
4,3.33333333333333,Southern,27,Male
1,3.11111111111111,Southern,26,Male
2,4.11111111111111,Southern,25,Female
3,3.33333333333333,Southern,26,Male
1,1.11111111111111,Southern,40,Male
5,3.22222222222222,Southern,24,Female
1,3.11111111111111,Southern,26,Male
7,5,Southern,27,Female
8,4.33333333333333,Southern,26,Female
4,3,Southern,26,Male
3,4,Southern,18,Male
2,2.66666666666667,Southern,22,Female
2,2.77777777777778,Southern,28,Female
7,4.77777777777778,Southern,30,Female
5,2.33333333333333,Southern,23,Female
3,3.11111111111111,Southern,23,Male
2,4.33333333333333,Southern,25,Female
1,3.33333333333333,Southern,30,Female
1,3.88888888888889,Southern,24,Female
4,2.77777777777778,Southern,26,Female
6,4.33333333333333,Southern,26,Male
3,3.88888888888889,Southern,23,Male
1,3.66666666666667,Southern,31,Female
9,5.11111111111111,Southern,24,Female
1,2.44444444444444,Southern,29,Male
1,2.88888888888889,Southern,21,Female
3,2.22222222222222,Southern,28,Female
1,2.66666666666667,Southern,31,Female
7,5.22222222222222,Southern,29,Male
1,3.22222222222222,Southern,26,Male
6,4.44444444444444,Southern,28,Female
1,5.55555555555556,Southern,22,Female
5,5.44444444444445,Southern,23,Male
7,5,Southern,28,Male
1,2.88888888888889,Southern,28,Male
7,3.22222222222222,Southern,27,Female
7,4.22222222222222,Southern,28,Male
5,4.11111111111111,Southern,27,Male
3,2.44444444444444,Southern,28,Female
1,4.11111111111111,Southern,28,Male
5,5.22222222222222,Southern,28,Male
4,4.44444444444444,Southern,23,Female
4,4.33333333333333,Southern,21,Male
2,3.33333333333333,Southern,21,Male
2,3.44444444444444,Southern,67,Female
6,4.33333333333333,Southern,25,Female
5,2.88888888888889,Southern,28,Male
5,4.88888888888889,Southern,25,Female
1,3.66666666666667,Southern,29,Male
4,3.33333333333333,Southern,31,Male
1,3.11111111111111,Southern,31,Male
2,3.44444444444444,Southern,30,Male
1,4,Southern,29,Female
7,3,Southern,31,Male
3,4.11111111111111,Southern,30,Male
6,4.33333333333333,Southern,30,Male
1,1.33333333333333,Southern,29,Female
5,3.33333333333333,Southern,29,Male
2,4.11111111111111,Southern,31,Female
5,5,Southern,20,Female
4,3.33333333333333,Southern,19,Female
3,3.66666666666667,Southern,20,Female
1,4.22222222222222,Southern,18,Female
2,4.33333333333333,Southern,19,Female
4,5.11111111111111,Southern,27,Female
1,2,Southern,20,Male
1,4.22222222222222,Southern,18,Female
1,2.22222222222222,Southern,50,Female
5,3.88888888888889,Southern,18,Female
1,3.88888888888889,Southern,18,Female
7,4.88888888888889,Southern,18,Male
2,5.33333333333333,Southern,19,Female
7,5.11111111111111,Southern,18,Female
4,4,Southern,28,Male
4,3.66666666666667,Southern,20,Female
1,3.66666666666667,Southern,26,Male
5,3.55555555555556,Southern,23,Female
6,3.77777777777778,Southern,19,Female
1,2.77777777777778,Southern,63,Male
2,2.66666666666667,Southern,22,Female
3,3.44444444444444,Southern,31,Male
3,3.66666666666667,Southern,32,Male
4,3.55555555555556,Southern,21,Female
1,3.77777777777778,Southern,31,Male
1,2.44444444444444,Southern,30,Female
5,3.66666666666667,Southern,21,Female
2,5,Southern,48,Female
3,3.11111111111111,Southern,22,Male
5,5.11111111111111,Southern,21,Male
7,5,Southern,29,Male
5,4.66666666666667,Southern,21,Male
2,6.55555555555556,Southern,21,Female
3,4.33333333333333,Southern,21,Female
1,3.66666666666667,Southern,22,Female
5,4.22222222222222,Southern,23,Male
5,5.11111111111111,Southern,26,Female
7,5.55555555555556,Southern,21,Male
9,4.22222222222222,Southern,21,Male
3,4.11111111111111,Southern,33,Female
3,3.11111111111111,Southern,26,Male
4,2.55555555555556,Southern,24,Male
3,3.33333333333333,Southern,22,Female
1,3.55555555555556,Southern,21,Female
1,2.77777777777778,Southern,37,Male
2,3.44444444444444,Southern,41,Male
1,4.11111111111111,Southern,37,Male
3,4.22222222222222,Southern,33,Male
4,3.88888888888889,Southern,35,Male
1,1.66666666666667,Southern,44,Male
2,4.77777777777778,Southern,39,Male
9,5.44444444444445,Southern,36,Female
1,2.55555555555556,Southern,36,Female
1,1.11111111111111,Southern,42,Male
8,5.33333333333333,Southern,50,Male
6,4.22222222222222,Southern,30,Male
1,2.44444444444444,Southern,45,Female
2,4.44444444444444,Southern,26,Female
3,4.11111111111111,Southern,33,Female
9,3.66666666666667,Southern,66,Female
3,3.22222222222222,Southern,56,Female
1,2.77777777777778,Southern,55,Female
6,3.88888888888889,Southern,36,Female
1,4.44444444444444,Southern,41,Male
1,4.55555555555556,Southern,19,Male
3,4.88888888888889,Southern,23,Female
4,3,Southern,23,Female
1,3.88888888888889,Southern,21,Female
6,4.11111111111111,Southern,21,Female
6,4.77777777777778,Southern,22,Female
3,2.77777777777778,Southern,21,Female
2,3.55555555555556,Southern,21,Male
5,4,Southern,21,Female
1,4.11111111111111,Southern,20,Female
2,3.77777777777778,Southern,21,Female
2,3.33333333333333,Southern,34,Male
5,4.77777777777778,Southern,21,Female
4,3.55555555555556,Southern,21,Female
3,5,Southern,21,Female
5,4.55555555555556,Southern,21,Female
1,3.44444444444444,Southern,20,Female
3,1.77777777777778,Southern,34,Female
3,4.44444444444444,Southern,20,Female
6,5.11111111111111,Southern,21,Female
5,3,Southern,52,Male
9,6,Southern,35,Male
4,4.44444444444444,Southern,33,Female
5,5.11111111111111,Southern,21,Female
7,6.22222222222222,Southern,21,Female
4,3.44444444444444,Southern,21,Female
5,3.33333333333333,Southern,35,Female
5,5,Southern,21,Female
1,3.55555555555556,Southern,32,Male
4,3.55555555555556,Southern,20,Female
5,4.22222222222222,Southern,23,Female
3,4,Southern,21,Female
6,3.44444444444444,Southern,23,Male
3,2.77777777777778,Southern,21,Female
5,5,Southern,21,Female
1,4.44444444444444,Southern,43,Female
2,3.66666666666667,Southern,21,Female
2,4,Southern,20,Female
1,3.44444444444444,Southern,20,Female
4,3,Southern,35,Female
6,5,Southern,24,Male
1,4.55555555555556,Southern,49,Female
3,4.88888888888889,Southern,21,Female
7,4.77777777777778,Southern,18,Male
1,4.22222222222222,Southern,21,Female
2,4,Southern,61,Male
7,3.77777777777778,Southern,21,Female
7,4.88888888888889,Southern,21,Female
8,5.22222222222222,Southern,21,Female
2,3.66666666666667,Southern,21,Female
7,4.22222222222222,Southern,35,Male
5,4.66666666666667,Southern,21,Female
3,3.33333333333333,Southern,23,Female
4,4.44444444444444,Southern,38,Male
4,5.22222222222222,Southern,25,Male
6,4.11111111111111,Southern,39,Female
6,3.44444444444444,Southern,18,Female
8,6.11111111111111,Southern,21,Female
6,4.33333333333333,Southern,30,Female
5,4.22222222222222,Southern,30,Male
1,3.66666666666667,Southern,24,Female
2,3.77777777777778,Southern,21,Female
2,4.11111111111111,Southern,20,Female
4,5.22222222222222,Southern,18,Female
6,2.44444444444444,Southern,21,Female
3,4.88888888888889,Southern,20,Female
1,5,Southern,27,Female
1,3.66666666666667,Southern,21,Female
1,4.22222222222222,Southern,36,Male
5,4.44444444444444,Southern,21,Female
4,5.11111111111111,Southern,21,Female
8,4.66666666666667,Southern,22,Female
4,3.11111111111111,Southern,35,Female
3,3.55555555555556,Southern,21,Female
6,4.88888888888889,Southern,23,Male
5,4.22222222222222,Southern,21,Female
5,3.44444444444444,Southern,21,Female
5,3.88888888888889,Southern,26,Female
3,3.77777777777778,Southern,22,Female
9,3.88888888888889,Southern,29,Male
1,2.11111111111111,Southern,35,Female
9,3.77777777777778,Southern,30,Male
1,4.44444444444444,Southern,23,Female
5,3.44444444444444,Southern,35,Male
6,5.44444444444445,Southern,18,Male
5,4.33333333333333,Southern,23,Female
1,3.22222222222222,Southern,21,Female
7,4.44444444444444,Southern,22,Female
1,2.44444444444444,Southern,37,Male
2,4.66666666666667,Southern,20,Female
4,4.66666666666667,Southern,24,Female
1,4.11111111111111,Southern,21,Female
5,3.44444444444444,Southern,20,Female
1,1.66666666666667,Southern,21,Female
1,4.33333333333333,Southern,20,Female
6,2.55555555555556,Southern,44,Female
6,4.88888888888889,Southern,21,Female
6,4,Southern,20,Female
3,4.44444444444444,Southern,21,Female
1,2.88888888888889,Southern,21,Female
3,3.77777777777778,Southern,21,Female
5,4,Southern,23,Female
3,5.11111111111111,Southern,25,Female
6,4,Southern,54,Male
3,3.44444444444444,Southern,22,Female
1,4.88888888888889,Southern,23,Female
9,3.66666666666667,Southern,24,Female
7,4.11111111111111,Southern,48,Male
6,5.66666666666667,Southern,21,Female
5,4.44444444444444,Southern,36,Female
2,4.33333333333333,Southern,21,Female
2,4.66666666666667,Southern,21,Female
1,3.33333333333333,Southern,23,Female
9,5,Southern,25,Female
3,2.44444444444444,Southern,34,Female
2,4.44444444444444,Southern,23,Female
4,3.88888888888889,Southern,22,Female
1,4,Southern,21,Female
4,4.22222222222222,Southern,21,Female
2,3.11111111111111,Southern,23,Female
4,3.66666666666667,Southern,47,Male
1,3.66666666666667,Southern,23,Female
3,4.22222222222222,Southern,20,Female
2,2.88888888888889,Southern,28,Male
1,3.22222222222222,Southern,31,Female
1,5,Southern,40,Female
4,3.11111111111111,Southern,20,Female
1,3.77777777777778,Southern,55,Male
1,3.66666666666667,Southern,22,Male
4,4.55555555555556,Southern,20,Female
1,3.66666666666667,Southern,24,Female
6,5.11111111111111,Southern,19,Female
5,3.22222222222222,Southern,20,Female
2,4.55555555555556,Southern,19,Male
5,4.55555555555556,Southern,19,Male
2,3.11111111111111,Southern,20,Female
1,4.22222222222222,Southern,22,Female
5,3.33333333333333,Southern,20,Female
5,3.22222222222222,Southern,55,Male
5,3.66666666666667,Southern,21,Female
1,2.88888888888889,Southern,21,Female
8,5,Southern,21,Female
1,3.66666666666667,Southern,35,Male
1,4.77777777777778,Southern,22,Female
4,3.77777777777778,Southern,20,Female
7,2.88888888888889,Southern,46,Female
6,5.77777777777778,Southern,21,Female
7,4.44444444444444,Southern,24,Female
5,5.55555555555556,Southern,21,Female
6,3.66666666666667,Southern,19,Female
5,4.77777777777778,Southern,34,Female
5,4.88888888888889,Southern,20,Female
3,4.11111111111111,Southern,20,Female
1,4.88888888888889,Southern,19,Male
1,3.33333333333333,Southern,43,Female
7,4,Southern,24,Male
7,3.33333333333333,Southern,28,Male
1,3.77777777777778,Southern,41,Female
2,3.11111111111111,Southern,20,Female
6,5.11111111111111,Southern,20,Female
1,3.66666666666667,Southern,21,Female
7,4.11111111111111,Southern,23,Male
4,3.55555555555556,Southern,23,Female
8,4.44444444444444,Southern,20,Female
7,5.11111111111111,Southern,21,Female
1,4.66666666666667,Southern,22,Female
3,2.55555555555556,Southern,43,Male
1,1.44444444444444,Southern,29,Male
1,3.11111111111111,Southern,19,Female
1,3.66666666666667,Southern,28,Female
2,2.66666666666667,Southern,23,Female
1,2.66666666666667,Southern,68,Female
9,5.11111111111111,Southern,27,Male
6,4.55555555555556,Southern,46,Male
1,3.77777777777778,Southern,22,Female
9,4.77777777777778,Southern,34,Female
2,3.88888888888889,Southern,21,Female
3,2.33333333333333,Southern,23,Female
2,2.88888888888889,Southern,23,Male
2,4.22222222222222,Southern,26,Female
4,3.77777777777778,Southern,22,Female
6,4.22222222222222,Southern,21,Female
5,3.44444444444444,Southern,25,Female
1,2.33333333333333,Southern,20,Female
3,2.77777777777778,Southern,29,Female
4,4.11111111111111,Southern,31,Male
1,2.77777777777778,Southern,32,Female
5,5,Southern,19,Female
4,5.22222222222222,Southern,22,Male
2,4.33333333333333,Southern,27,Male
2,3.44444444444444,Southern,21,Female
3,3.11111111111111,Southern,22,Female
1,3.55555555555556,Southern,28,Female
2,3,Southern,19,Female
1,3,Southern,22,Female
1,3.33333333333333,Southern,24,Male
3,3.44444444444444,Southern,21,Female
1,3,Southern,23,Female
4,4,Southern,22,Female
6,4.33333333333333,Southern,21,Female
6,4.33333333333333,Southern,30,Male
2,3.88888888888889,Southern,22,Female
3,3.55555555555556,Southern,52,Male
4,3.33333333333333,Southern,23,Female
5,4,Southern,21,Female
1,4,Southern,23,Female
9,4.11111111111111,Southern,26,Male
4,3.55555555555556,Southern,23,Female
2,3.55555555555556,Southern,22,Male
1,4,Southern,34,Male
2,4.22222222222222,Southern,22,Female
6,3.11111111111111,Southern,23,Male
6,3.11111111111111,Southern,21,Female
1,3.22222222222222,Southern,20,Male
1,5,Southern,20,Male
5,4.88888888888889,Southern,19,Female
3,5.33333333333333,Southern,21,Female
6,5.77777777777778,Southern,20,Female
3,4.11111111111111,Southern,20,Female
4,3.55555555555556,Southern,21,Male
6,4.33333333333333,Southern,19,Female
6,4.33333333333333,Southern,26,Female
3,3.11111111111111,Southern,18,Male
5,2.66666666666667,Southern,20,Female
2,3.22222222222222,Southern,25,Female
1,2.22222222222222,Southern,26,Female
1,3.33333333333333,Southern,23,Male
3,4.88888888888889,Southern,21,Female
7,4.11111111111111,Southern,22,Female
2,2.77777777777778,Southern,24,Male
5,5.22222222222222,Southern,21,Female
2,3.33333333333333,Southern,24,Male
1,4.77777777777778,Southern,21,Male
1,4,Western,20,Female
3,3,Western,19,Female
6,4.88888888888889,Western,19,Female
5,3.66666666666667,Western,18,Female
4,4.44444444444444,Western,19,Male
4,4.66666666666667,Western,18,Female
6,3.88888888888889,Western,18,Female
5,5.22222222222222,Western,21,Female
5,4,Western,18,Female
4,4.77777777777778,Western,20,Female
2,3.88888888888889,Western,21,Female
2,3.33333333333333,Western,19,Female
1,3.88888888888889,Western,21,Male
6,4.55555555555556,Western,21,Male
5,4.88888888888889,Western,19,Female
3,4.55555555555556,Western,22,Female
4,4.22222222222222,Western,20,Male
5,4.77777777777778,Western,22,Female
2,4,Western,19,Male
2,3.88888888888889,Western,35,Female
5,4.44444444444444,Western,21,Male
2,2.77777777777778,Western,18,Female
1,3.33333333333333,Western,19,Female
3,3.77777777777778,Western,18,Female
5,3.33333333333333,Western,19,Female
5,3.11111111111111,Western,21,Female
1,4.55555555555556,Western,21,Female
5,4.55555555555556,Western,18,Female
5,3.66666666666667,Western,21,Female
6,3.66666666666667,Western,19,Male
4,4.11111111111111,Western,19,Male
3,4.44444444444444,Western,19,Male
4,3,Western,19,Female
7,4.44444444444444,Western,19,Female
3,3.77777777777778,Western,19,Female
3,4.33333333333333,Western,19,Female
5,3.55555555555556,Western,18,Female
1,3.33333333333333,Western,20,Female
1,4.66666666666667,Western,20,Female
5,5.11111111111111,Western,19,Female
5,4,Western,18,Female
6,4.55555555555556,Western,19,Female
3,5.44444444444445,Western,60,Female
7,3.88888888888889,Western,20,Male
7,3.88888888888889,Western,18,Male
4,3.66666666666667,Western,18,Female
7,5.11111111111111,Western,18,Male
1,2,Western,20,Female
7,4.66666666666667,Western,19,Female
4,4.11111111111111,Western,18,Female
9,2,Western,19,Male
7,2.55555555555556,Western,19,Male
5,3.66666666666667,Western,18,Female
3,3.77777777777778,Western,19,Male
1,3.44444444444444,Western,19,Female
5,3.88888888888889,Western,19,Female
1,4.33333333333333,Western,18,Female
5,3.11111111111111,Western,21,Male
9,3.22222222222222,Western,20,Female
7,5.22222222222222,Western,19,Female
4,2.22222222222222,Western,20,Female
2,2.77777777777778,Western,19,Female
1,3.33333333333333,Western,21,Male
6,4.33333333333333,Western,19,Male
5,3.33333333333333,Western,18,Female
6,4.33333333333333,Western,21,Female
3,4.88888888888889,Western,22,Male
7,3.11111111111111,Western,18,Female
5,4.55555555555556,Western,19,Male
3,3.66666666666667,Western,20,Male
5,4.22222222222222,Western,18,Female
5,3.11111111111111,Western,18,Female
1,3.88888888888889,Western,19,Female
1,2.33333333333333,Western,30,Male
4,3.22222222222222,Western,52,Male
1,1.77777777777778,Western,30,Female
3,4,Western,28,Female
6,4.11111111111111,Western,20,Female
6,3.55555555555556,Western,51,Female
3,3.55555555555556,Western,21,Female
4,3.77777777777778,Western,39,Male
3,3.88888888888889,Western,41,Female
4,3.66666666666667,Western,20,Female
2,4.66666666666667,Western,18,Female
5,3.11111111111111,Western,18,Female
2,1.77777777777778,Western,31,Male
6,4.77777777777778,Western,19,Female
6,4.77777777777778,Western,67,Female
1,3.44444444444444,Western,57,Female
4,4.22222222222222,Western,18,Female
1,3.88888888888889,Western,20,Female
3,3.44444444444444,Western,19,Male
6,4.44444444444444,Western,19,Female
1,3.88888888888889,Western,19,Female
1,3.11111111111111,Western,22,Female
1,3.66666666666667,Western,21,Male
4,3.55555555555556,Western,20,Female
1,4.22222222222222,Western,21,Female
5,3.66666666666667,Western,21,Female
6,4.33333333333333,Western,20,Female
2,2.66666666666667,Western,20,Female
5,2.11111111111111,Western,20,Female
3,3.77777777777778,Western,21,Female
4,3.55555555555556,Western,20,Female
4,3.88888888888889,Western,18,Female
4,5.55555555555556,Western,21,Female
4,3.44444444444444,Western,20,Female
1,3.33333333333333,Western,68,Male
5,5,Western,21,Female
2,3.55555555555556,Western,25,Female
2,3.77777777777778,Western,19,Female
3,3.11111111111111,Western,20,Female
6,5,Western,20,Female
5,2.22222222222222,Western,19,Male
6,4.11111111111111,Western,19,Female
5,4.66666666666667,Western,22,Female
5,4.55555555555556,Western,19,Female
5,3.88888888888889,Western,18,Male
7,4.44444444444444,Western,19,Female
6,3,Western,19,Female
3,4.55555555555556,Western,19,Female
4,3.55555555555556,Western,18,Female
9,3,Western,20,Male
5,3.88888888888889,Western,20,Male
5,4.88888888888889,Western,18,Female
4,3.44444444444444,Western,29,Female
5,3.66666666666667,Western,19,Female
8,4.66666666666667,Western,22,Female
1,4.22222222222222,Western,54,Female
5,5.44444444444445,Western,18,Female
2,3.88888888888889,Western,19,Male
5,4.44444444444444,Western,22,Female
1,2.77777777777778,Western,19,Female
8,3.88888888888889,Western,19,Female
1,4.44444444444444,Western,18,Female
1,3.66666666666667,Western,21,Female
4,4.77777777777778,Western,19,Female
4,3.77777777777778,Western,19,Female
4,4,Western,21,Female
4,4,Western,18,Female
4,4.66666666666667,Western,20,Female
4,3.88888888888889,Western,19,Male
9,3.55555555555556,Western,18,Female
9,3.44444444444444,Western,19,Female
3,3.44444444444444,Western,19,Female
4,2.88888888888889,Western,19,Female
5,3.77777777777778,Western,19,Female
6,3.11111111111111,Western,19,Female
4,3.77777777777778,Western,19,Female
5,3.66666666666667,Western,19,Female
4,2.11111111111111,Western,21,Female
3,3.22222222222222,Western,23,Female
5,4,Western,20,Female
4,4.55555555555556,Western,19,Male
1,3.11111111111111,Western,54,Female
3,3.66666666666667,Western,23,Female
2,3.88888888888889,Western,20,Female
6,5,Western,22,Female
3,4.11111111111111,Western,25,Female
4,3.33333333333333,Western,39,Female
1,1,Western,43,Female
1,1.44444444444444,Western,33,Female
2,2.88888888888889,Western,26,Female
4,2.88888888888889,Western,25,Female
5,3.88888888888889,Western,26,Male
5,4.55555555555556,Western,23,Female
7,5.11111111111111,Western,28,Male
1,1.66666666666667,Western,31,Female
1,2.11111111111111,Western,32,Female
3,2.55555555555556,Western,71,Male
2,2.88888888888889,Western,30,Male
4,4.22222222222222,Western,24,Male
4,3.88888888888889,Western,29,Male
4,2.88888888888889,Western,22,Female
7,4.66666666666667,Western,29,Male
5,4.77777777777778,Western,20,Female
3,3.44444444444444,Western,44,Male
1,2.33333333333333,Western,26,Female
2,2.77777777777778,Western,30,Female
6,5.88888888888889,Western,20,Female
2,2,Western,27,Female
1,2.22222222222222,Western,24,Male
1,2.22222222222222,Western,46,Female
3,4.11111111111111,Western,18,Female
4,3.44444444444444,Western,47,Female
1,2.33333333333333,Western,29,Male
3,3.88888888888889,Western,31,Female
1,3.55555555555556,Western,28,Female
7,5.55555555555556,Western,30,Male
3,2.88888888888889,Western,19,Male
2,3.22222222222222,Western,34,Male
2,2.77777777777778,Western,40,Female
3,3.66666666666667,Western,33,Female
4,4,Western,18,Female
3,4.33333333333333,Western,21,Female
6,4.33333333333333,Western,25,Male
9,2.44444444444444,Western,31,Male
6,3.88888888888889,Western,23,Female
3,3.88888888888889,Western,29,Female
1,4.33333333333333,Western,25,Female
2,3.11111111111111,Western,36,Female
1,3.33333333333333,Western,21,Female
3,2.66666666666667,Western,32,Female
1,4,Western,19,Female
5,4.33333333333333,Western,19,Male
3,2.44444444444444,Western,38,Male
1,2,Western,27,Male
1,2.66666666666667,Western,39,Female
1,2.88888888888889,Western,25,Female
1,1.55555555555556,Western,27,Male
1,3.66666666666667,Western,25,Male
5,3,Western,24,Male
1,4,Western,29,Male
3,2.44444444444444,Western,26,Female
2,2.77777777777778,Western,20,Female
1,3.55555555555556,Western,41,Male
5,3.55555555555556,Western,21,Female
1,3.11111111111111,Western,19,Female
1,2.77777777777778,Western,20,Female
5,3.33333333333333,Western,19,Female
1,3.66666666666667,Western,24,Female
1,3.44444444444444,Western,22,Female
6,2.88888888888889,Western,25,Female
3,4,Western,26,Female
4,3.88888888888889,Western,21,Female
1,1.88888888888889,Western,19,Male
6,2.44444444444444,Western,30,Female
1,1,Western,37,Female
2,3.77777777777778,Western,29,Female
3,2.22222222222222,Western,38,Female
3,4.11111111111111,Western,24,Female
7,3.33333333333333,Western,30,Male
1,3.44444444444444,Western,23,Male
6,5.11111111111111,Western,19,Female
7,4.22222222222222,Western,22,Female
4,3,Western,20,Female
3,3.66666666666667,Western,27,Female
5,5,Western,20,Female
2,2.55555555555556,Western,38,Female
6,4.88888888888889,Western,22,Female
6,4.55555555555556,Western,18,Female
1,1.88888888888889,Western,30,Female
3,1.11111111111111,Western,18,Female
5,3.33333333333333,Western,19,Female
6,3.66666666666667,Western,23,Female
5,4,Western,19,Female
4,3.77777777777778,Western,21,Female
2,2.22222222222222,Western,30,Female
3,3.22222222222222,Western,19,Female
5,2.77777777777778,Western,26,Male
6,3.33333333333333,Western,21,Female
3,3,Western,25,Female
4,3.88888888888889,Western,23,Male
2,2.44444444444444,Western,26,Female
9,3.55555555555556,Western,24,Female
7,3,Western,25,Male
6,5.66666666666667,Western,58,Male
7,2,Western,23,Male
9,3.77777777777778,Western,38,Male
4,2.88888888888889,Western,26,Female
2,2.22222222222222,Western,51,Female
1,4,Western,28,Female
1,3.66666666666667,Western,43,Female
5,3.33333333333333,Western,19,Male
4,3.77777777777778,Western,19,Female
4,3.77777777777778,Western,20,Female
7,4.33333333333333,Western,19,Female
3,3.88888888888889,Western,18,Female
2,4.44444444444444,Western,30,Male
5,3,Western,28,Female
1,4.55555555555556,Western,21,Female
8,3.22222222222222,Western,19,Female
7,4.44444444444444,Western,22,Female
3,4.66666666666667,Western,19,Female
3,4.11111111111111,Western,20,Male
8,6,Western,24,Male
7,4.55555555555556,Western,19,Female
1,2.44444444444444,Western,30,Female
2,3.88888888888889,Western,20,Female
1,3.88888888888889,Western,23,Female
7,5.88888888888889,Western,22,Male
1,3.44444444444444,Western,41,Male
9,3.44444444444444,Western,38,Male
4,3.44444444444444,Western,35,Female
6,4.22222222222222,Western,23,Male
9,3.11111111111111,Western,33,Male
3,3.33333333333333,Western,21,Male
4,3.66666666666667,Western,29,Female
9,3.44444444444444,Western,19,Male
2,3.22222222222222,Western,25,Female
7,5.22222222222222,Western,19,Male
3,4.33333333333333,Western,22,Female
6,5.11111111111111,Western,20,Male
4,3.77777777777778,Western,19,Female
6,3.44444444444444,Western,20,Male
1,2.44444444444444,Western,20,Male
7,2.11111111111111,Western,39,Female
3,3.77777777777778,Western,54,Female
7,2.77777777777778,Western,20,Male
7,4.22222222222222,Western,21,Male
5,3.77777777777778,Western,40,Male
5,3.33333333333333,Western,22,Female
6,4.88888888888889,Western,33,Female
7,4.22222222222222,Western,28,Male
6,4.77777777777778,Western,21,Female
2,2.88888888888889,Western,55,Male
2,2.55555555555556,Western,19,Female
1,1.33333333333333,Western,25,Female
1,2.66666666666667,Western,22,Male
1,3.44444444444444,Western,39,Female
3,3.22222222222222,Western,24,Male
1,4.55555555555556,Western,26,Male
5,2.44444444444444,Western,21,Female
3,3.88888888888889,Western,26,Male
3,4,Western,20,Female
5,5.66666666666667,Western,24,Female
5,2.55555555555556,Western,30,Female
1,6.33333333333333,Western,19,Male
6,3,Western,22,Male
1,2.66666666666667,Western,31,Female
3,3.33333333333333,Western,47,Male
2,3.77777777777778,Western,20,Male
3,3.33333333333333,Western,35,Male
1,3.22222222222222,Western,33,Female
5,3.44444444444444,Western,19,Female
5,3.77777777777778,Western,20,Male
5,3.55555555555556,Western,22,Female
9,3,Western,20,Male
5,3.11111111111111,Western,19,Female
7,3.88888888888889,Western,18,Female
5,3.44444444444444,Western,19,Male
4,4.77777777777778,Western,22,Female
2,4,Western,22,Female
5,4.88888888888889,Western,19,Female
6,4.22222222222222,Western,18,Female
1,4.55555555555556,Western,19,Female
1,3.22222222222222,Western,21,Female
3,4.77777777777778,Western,24,Male
2,4,Western,20,Female
3,2.44444444444444,Western,18,Male
7,3.22222222222222,Western,40,Male
3,4.88888888888889,Western,35,Male
2,3.66666666666667,Western,37,Male
4,4.33333333333333,Western,60,Female
5,4.11111111111111,Western,35,Male
2,1.88888888888889,Western,26,Male
1,5,Western,36,Female
2,3.33333333333333,Western,19,Female
3,4,Western,21,Female
5,3.22222222222222,Western,20,Female
5,4.11111111111111,Western,54,Male
2,2.88888888888889,Western,39,Male
5,2.44444444444444,Western,32,Female
2,4.22222222222222,Western,24,Female
4,3.66666666666667,Western,19,Female
2,3.55555555555556,Western,31,Male
4,3,Western,19,Male
3,3,Western,21,Female
7,3.55555555555556,Western,33,Female
2,3.77777777777778,Western,20,Female
1,3.77777777777778,Western,58,Female
3,3.66666666666667,Western,55,Female
2,1.33333333333333,Western,22,Male
1,1.55555555555556,Western,55,Female
6,3.66666666666667,Western,21,Female
9,4.77777777777778,Western,30,Male
4,2.88888888888889,Western,27,Male
2,4.33333333333333,Western,28,Female
5,3.33333333333333,Western,23,Male
1,4.33333333333333,Western,24,Female
1,3.11111111111111,Western,20,Female
1,2.88888888888889,Western,26,Male
5,4,Western,19,Female
2,2.77777777777778,Western,25,Female
3,3.88888888888889,Western,27,Male
1,4.11111111111111,Western,29,Female
1,2.22222222222222,Western,27,Female
1,3.33333333333333,Western,37,Female
5,5.88888888888889,Western,21,Male
5,4,Western,26,Male
1,2,Western,62,Female
2,3.55555555555556,Western,45,Male
1,3.44444444444444,Western,30,Male
1,2.44444444444444,Western,27,Female
1,2.88888888888889,Western,49,Female
3,3.88888888888889,Western,19,Female
9,4.11111111111111,Western,44,Female
1,5.33333333333333,Western,62,Female
3,3.88888888888889,Western,30,Female
3,2.77777777777778,Western,19,Female
1,3.55555555555556,Western,22,Female
4,4.33333333333333,Western,20,Female
4,4,Western,23,Female
8,4.88888888888889,Western,32,Male
2,2.77777777777778,Western,83,Female
5,2.88888888888889,Western,45,Male
3,3.77777777777778,Western,43,Male
1,3.44444444444444,Western,41,Female
1,3.44444444444444,Western,26,Male
1,4.77777777777778,Western,52,Female
1,4.44444444444444,Western,64,Female
1,3.77777777777778,Western,33,Male
6,4.66666666666667,Western,24,Male
5,2.66666666666667,Western,48,Male
2,3.66666666666667,Western,25,Female
3,3.88888888888889,Western,20,Female
3,4.22222222222222,Western,21,Female
5,4,Western,21,Female
3,4.77777777777778,Western,34,Female
3,4.44444444444444,Western,20,Female
3,3.55555555555556,Western,21,Female
2,3.77777777777778,Western,20,Female
1,4.11111111111111,Western,39,Male
1,4.66666666666667,Western,26,Female
1,3.44444444444444,Western,42,Female
6,4.55555555555556,Western,28,Male
7,3.88888888888889,Western,21,Female
6,5,Western,21,Female
5,4.66666666666667,Western,19,Male
2,4.55555555555556,Western,74,Male
5,4,Western,20,Female
3,4.11111111111111,Western,19,Female
5,4.22222222222222,Western,21,Male
1,4.33333333333333,Western,62,Female
1,3.22222222222222,Western,18,Female
5,3.44444444444444,Western,28,Male
1,2.77777777777778,Western,19,Female
4,4.33333333333333,Western,82,Male
5,3,Western,27,Male
1,3.77777777777778,Western,55,Male
3,4,Western,21,Female
9,6.22222222222222,Western,23,Male
1,3,Western,30,Male
4,3.66666666666667,Western,30,Male
2,5.44444444444445,Western,37,Male
3,5,Western,29,Female
1,2.44444444444444,Western,21,Female
7,3.55555555555556,Western,57,Female
7,4.22222222222222,Western,24,Female
7,4,Western,19,Female
4,4.44444444444444,Western,52,Female
5,4.22222222222222,Western,67,Female
3,3.77777777777778,Western,38,Female
6,2.88888888888889,Western,20,Female
2,2.77777777777778,Western,20,Female
7,2.77777777777778,Western,22,Male
1,2.55555555555556,Western,22,Female
6,3.22222222222222,Western,23,Male
6,4,Western,22,Female
2,3.22222222222222,Western,42,Male
3,3.88888888888889,Western,18,Female
2,3.88888888888889,Western,19,Female
6,4.66666666666667,Western,21,Female
3,3.77777777777778,Western,26,Female
2,3,Western,21,Female
1,3.66666666666667,Western,18,Female
1,2.77777777777778,Western,20,Female
1,3.77777777777778,Western,22,Female
6,3.44444444444444,Western,30,Male
6,5,Western,18,Male
2,3.77777777777778,Western,20,Female
9,3.77777777777778,Western,23,Female
1,3.66666666666667,Western,30,Female
1,2.44444444444444,Western,19,Female
7,3.44444444444444,Western,21,Male
3,3.77777777777778,Western,20,Male
5,4.77777777777778,Western,20,Female
5,3.44444444444444,Western,18,Female
4,3.44444444444444,Western,21,Male
3,3.44444444444444,Western,19,Female
5,2.22222222222222,Western,44,Female
1,4.66666666666667,Western,44,Female
1,4.44444444444444,Western,21,Female
1,3,Western,20,Male
3,3.77777777777778,Western,65,Female
2,3.44444444444444,Western,23,Female
7,3.44444444444444,Western,20,Female
6,5,Western,28,Female
2,3.66666666666667,Western,25,Female
9,4.44444444444444,Western,29,Male
1,2.55555555555556,Western,26,Male
2,3.77777777777778,Western,25,Male
5,4.77777777777778,Western,18,Female
2,3.22222222222222,Western,21,Male
9,4,Western,69,Female
7,4.33333333333333,Western,18,Male
4,4.77777777777778,Western,28,Female
2,3.55555555555556,Western,30,Female
4,4.33333333333333,Western,18,Male
7,3.44444444444444,Western,20,Female
2,3.11111111111111,Western,20,Male
5,5,Western,27,Female
3,5.22222222222222,Western,21,Male
5,5.66666666666667,Western,22,Female
5,5.33333333333333,Western,22,Female
9,4.22222222222222,Western,26,Male
3,4.55555555555556,Western,18,Female
5,3.11111111111111,Western,18,Female
5,5.11111111111111,Western,42,Female
1,4.22222222222222,Western,25,Female
5,3.55555555555556,Western,21,Female
1,2.33333333333333,Western,21,Female
9,2.22222222222222,Western,20,Female
1,3,Western,21,Female
1,3.11111111111111,Western,33,Female
5,3.11111111111111,Western,20,Male
3,3.44444444444444,Western,23,Male
6,4.33333333333333,Western,74,Male
4,3.66666666666667,Western,20,Female
3,3.77777777777778,Western,20,Female
9,2.88888888888889,Western,20,Female
5,3.44444444444444,Western,24,Male
6,3.77777777777778,Western,22,Female
5,3.55555555555556,Western,23,Male
5,4.44444444444444,Western,21,Female
2,3.55555555555556,Western,21,Female
8,5.66666666666667,Western,21,Female
4,3.22222222222222,Western,21,Male
2,3.33333333333333,Western,23,Male
2,2.88888888888889,Western,23,Female
1,4.66666666666667,Western,25,Male
1,2.55555555555556,Western,22,Female
3,4.11111111111111,Western,22,Female
4,2.44444444444444,Western,22,Female
2,1.77777777777778,Western,21,Female
9,3.44444444444444,Western,22,Male
7,3.66666666666667,Western,21,Female
3,3.66666666666667,Western,21,Female
6,4.77777777777778,Western,21,Female
1,2.77777777777778,Western,21,Female
2,3,Western,21,Female
3,4.44444444444444,Western,21,Female
1,3.77777777777778,Western,23,Male
4,4.11111111111111,Western,19,Female
5,2.77777777777778,Western,21,Female
5,4.22222222222222,Western,21,Female
5,3.88888888888889,Western,19,Male
2,4.55555555555556,Western,18,Female
3,3.44444444444444,Western,20,Male
1,4,Western,18,Male
7,3.22222222222222,Western,23,Female
2,4.66666666666667,Western,22,Female
4,3.88888888888889,Western,20,Male
4,3.33333333333333,Western,24,Female
4,3.88888888888889,Western,21,Female
4,3.66666666666667,Western,18,Male
4,4.11111111111111,Western,20,Female
4,4,Western,22,Female
2,2.44444444444444,Western,35,Male
3,2.66666666666667,Western,58,Male
1,3.77777777777778,Western,42,Female
1,3.22222222222222,Western,20,Female
6,4.33333333333333,Western,23,Female
1,3.44444444444444,Western,21,Female
6,3.22222222222222,Western,21,Female
6,4.88888888888889,Western,19,Female
3,2.88888888888889,Western,20,Male
1,2.88888888888889,Western,21,Female
5,3.33333333333333,Western,21,Female
2,4.22222222222222,Western,21,Female
3,2.66666666666667,Western,19,Male
5,4.33333333333333,Western,21,Male
9,4.66666666666667,Western,25,Male
3,3.88888888888889,Western,21,Female
6,3.55555555555556,Western,21,Female
1,2.77777777777778,Western,31,Female
1,3.22222222222222,Western,65,Male
1,4.55555555555556,Western,20,Male
3,3.88888888888889,Western,22,Male
1,3.55555555555556,Western,64,Female
4,2.88888888888889,Western,32,Male
3,3.77777777777778,Western,27,Male
9,2.77777777777778,Western,24,Male
6,3.33333333333333,Western,62,Female
3,5.11111111111111,Western,20,Female
3,4.44444444444444,Western,22,Male
6,4.11111111111111,Western,39,Female
2,4.11111111111111,Western,19,Male
9,2.88888888888889,Western,34,Male
1,2.55555555555556,Western,59,Female
4,3.44444444444444,Western,19,Female
3,2.55555555555556,Western,28,Female
5,3.11111111111111,Western,31,Female
2,4.44444444444444,Western,40,Male
9,2.55555555555556,Western,30,Male
3,4.11111111111111,Western,19,Male
2,2.77777777777778,Western,47,Female
5,4.22222222222222,Western,24,Female
4,3.88888888888889,Western,22,Female
7,4.88888888888889,Western,41,Male
4,3.11111111111111,Western,26,Male
2,2.11111111111111,Western,28,Female
3,4.55555555555556,Western,23,Female
1,4.88888888888889,Western,29,Male
2,5,Western,27,Female
5,2.44444444444444,Western,30,Male
5,2.88888888888889,Western,29,Female
3,4.33333333333333,Western,18,Female
5,4.55555555555556,Western,20,Male
2,3.66666666666667,Western,20,Male
1,4.11111111111111,Western,19,Male
4,2.88888888888889,Western,26,Female
4,3.66666666666667,Western,29,Male
5,3.55555555555556,Western,21,Female
6,4.33333333333333,Western,19,Female
6,4.33333333333333,Western,19,Female
9,4.44444444444444,Western,19,Female
2,2.77777777777778,Western,19,Female
5,3.44444444444444,Western,24,Female
5,3.11111111111111,Western,35,Female
7,4.55555555555556,Western,20,Female
1,3.33333333333333,Western,29,Female
3,4.22222222222222,Western,21,Female
2,2.55555555555556,Western,19,Female
4,4.22222222222222,Western,18,Female
2,3.77777777777778,Western,22,Female
7,3.88888888888889,Western,27,Male
1,2.88888888888889,Western,30,Male
1,4.44444444444444,Western,61,Female
2,2.66666666666667,Western,40,Male
4,4.77777777777778,Western,25,Female
2,3,Western,35,Female
1,2.44444444444444,Western,32,Male
3,4,Western,36,Male
2,4.77777777777778,Western,65,Female
5,4.55555555555556,Western,22,Female
5,3.55555555555556,Western,24,Male
4,3.11111111111111,Western,32,Male
5,4.88888888888889,Western,35,Male
6,3.33333333333333,Western,23,Female
1,3.22222222222222,Western,21,Male
3,3.11111111111111,Western,22,Female
3,3.22222222222222,Western,28,Male
1,1.22222222222222,Western,28,Male
6,4.44444444444444,Western,27,Male
4,3.88888888888889,Western,71,Male
3,3.77777777777778,Western,29,Male
2,2.44444444444444,Western,30,Male
1,3.11111111111111,Western,22,Female
7,3.88888888888889,Western,26,Male
6,4.55555555555556,Western,64,Male
3,3.33333333333333,Western,25,Female
4,3.11111111111111,Western,34,Female
3,3.55555555555556,Western,25,Female
4,4.22222222222222,Western,18,Male
2,2,Western,22,Male
3,3.44444444444444,Western,18,Male
1,3.55555555555556,Western,21,Female
5,3.44444444444444,Western,21,Female
1,2.66666666666667,Western,25,Male
6,4.55555555555556,Western,20,Female
9,2.33333333333333,Western,20,Male
1,4.33333333333333,Western,21,Female
6,4,Western,23,Female
6,5.11111111111111,Western,19,Female
4,1.22222222222222,Western,19,Female
3,3.44444444444444,Western,19,Female
4,2,Western,20,Female
5,4.88888888888889,Western,22,Female
3,2.11111111111111,Western,19,Female
1,3.22222222222222,Western,21,Male
6,3.11111111111111,Western,22,Male
4,4,Western,20,Male
1,3.77777777777778,Western,22,Female
2,4.33333333333333,Western,27,Male
1,3.77777777777778,Western,20,Female
1,4.77777777777778,Western,19,Female
5,4,Western,19,Female
2,2.44444444444444,Western,18,Female
5,4.11111111111111,Western,19,Female
2,3.77777777777778,Western,19,Male
1,4.22222222222222,Western,18,Female
2,3.77777777777778,Western,21,Female
1,3.77777777777778,Western,18,Female
4,4.44444444444444,Western,19,Female
2,3.55555555555556,Western,20,Female
3,4.88888888888889,Western,22,Male
4,4.44444444444444,Western,19,Female
6,3.88888888888889,Western,19,Female
4,4.77777777777778,Western,21,Female
4,4.11111111111111,Western,22,Female
3,4.55555555555556,Western,34,Male
3,4.77777777777778,Western,22,Female
1,2.44444444444444,Western,26,Female
1,2.33333333333333,Western,21,Female
3,3.88888888888889,Western,21,Male
1,3.11111111111111,Western,54,Female
4,3.88888888888889,Western,19,Male
4,2.55555555555556,Western,28,Female
3,3.44444444444444,Western,20,Male
2,4.55555555555556,Western,53,Female
3,3.55555555555556,Western,20,Male
5,3.77777777777778,Western,19,Female
6,4.11111111111111,Western,20,Male
6,5.11111111111111,Western,20,Female
3,3,Western,21,Female
5,4,Western,19,Female
1,5.88888888888889,Western,26,Male
4,3.55555555555556,Western,20,Female
6,4.11111111111111,Western,20,Female
1,3.22222222222222,Western,52,Female
1,4.22222222222222,Western,67,Male
2,3.55555555555556,Western,25,Female
5,3.22222222222222,Western,23,Female
6,3.55555555555556,Western,21,Female
5,2.44444444444444,Western,22,Female
5,4,Western,19,Male
3,3.77777777777778,Western,20,Male
2,4,Western,19,Male
4,3.88888888888889,Western,22,Female
1,3.22222222222222,Western,37,Female
5,3.77777777777778,Western,24,Female
3,3.22222222222222,Western,22,Female
6,4.22222222222222,Western,26,Female
8,4.22222222222222,Western,27,Female
5,1.33333333333333,Western,21,Male
5,3.33333333333333,Western,27,Male
2,2.66666666666667,Western,18,Female
9,5.33333333333333,Western,24,Male
3,4.11111111111111,Western,20,Male
3,4.44444444444444,Western,18,Female
2,3.33333333333333,Western,48,Female
5,4.55555555555556,Western,65,Female
6,3.66666666666667,Western,54,Male
4,3.88888888888889,Western,25,Female
9,3.77777777777778,Western,22,Male
1,3,Western,60,Male
1,4.77777777777778,Western,59,Male
6,3.66666666666667,Western,19,Male
2,3.88888888888889,Western,23,Male
3,4.22222222222222,Western,57,Female
6,3.77777777777778,Western,54,Female
1,4.44444444444444,Western,55,Male
2,4.22222222222222,Western,41,Female
3,3,Western,20,Female
1,3.66666666666667,Western,18,Male
1,3.11111111111111,Western,19,Male
1,3.11111111111111,Western,37,Female
8,2,Western,19,Male
4,4.22222222222222,Western,29,Female
2,2.55555555555556,Western,23,Female
1,4.77777777777778,Western,23,Male
4,4.44444444444444,Western,20,Female
3,3.44444444444444,Western,26,Male
4,3.44444444444444,Western,20,Female
3,3.77777777777778,Western,19,Female
4,4.88888888888889,Western,20,Female
4,3.66666666666667,Western,33,Female
1,2.55555555555556,Western,23,Male
4,3.77777777777778,Western,23,Female
5,5.11111111111111,Western,20,Female
1,4,Western,23,Female
8,5.88888888888889,Western,24,Female
7,2.88888888888889,Western,18,Female
1,4.77777777777778,Western,22,Female
4,5.11111111111111,Western,20,Male
2,4,Western,20,Male
1,2.88888888888889,Western,20,Male
1,2.88888888888889,Western,38,Female
2,3.22222222222222,Western,20,Female
5,4.11111111111111,Western,20,Male
1,1.66666666666667,Western,18,Female
1,1.66666666666667,Western,28,Male
4,4.44444444444444,Western,18,Female
1,3.77777777777778,Western,20,Female
6,4.44444444444444,Western,19,Female
7,3.33333333333333,Western,21,Female
1,2.22222222222222,Western,40,Female
1,4.33333333333333,Western,23,Female
1,3.77777777777778,Western,20,Male
3,2.44444444444444,Western,19,Female
4,3.77777777777778,Western,28,Male
4,2.88888888888889,Western,18,Female
4,4.55555555555556,Western,21,Male
1,2.44444444444444,Western,40,Male
1,4.11111111111111,Western,48,Female
3,4.77777777777778,Western,19,Female
2,3,Western,20,Female
2,3.22222222222222,Western,23,Female
2,3.22222222222222,Western,50,Female
1,4.33333333333333,Western,68,Male
7,5.22222222222222,Western,24,Female
1,2.55555555555556,Western,27,Male
5,3.22222222222222,Western,20,Male
1,2.88888888888889,Western,58,Female
3,4.22222222222222,Western,20,Female
6,3.77777777777778,Western,20,Female
3,3.77777777777778,Western,19,Female
1,2.88888888888889,Western,28,Male
8,4,Western,60,Female
5,3.11111111111111,Western,18,Female
5,2.55555555555556,Western,19,Male
1,4.55555555555556,Western,19,Female
5,5,Western,26,Male
6,5.88888888888889,Western,25,Female
1,2.88888888888889,Western,23,Female
4,4.66666666666667,Western,24,Female
2,3.33333333333333,Western,46,Female
1,3.33333333333333,Western,20,Female
3,1.77777777777778,Western,37,Female
3,3.44444444444444,Western,27,Male
1,3.33333333333333,Western,26,Male
6,2.88888888888889,Western,22,Female
3,3.77777777777778,Western,21,Female
3,4.11111111111111,Western,21,Male
4,2.66666666666667,Western,19,Female
4,4.55555555555556,Western,54,Female
5,4.22222222222222,Western,23,Female
6,4.88888888888889,Western,41,Female
1,4.88888888888889,Western,21,Male
3,2.88888888888889,Western,34,Female
3,4.33333333333333,Western,39,Female
6,4.66666666666667,Western,20,Female
3,2.55555555555556,Western,30,Male
3,4.77777777777778,Western,22,Male
1,2.33333333333333,Western,31,Female
3,4.22222222222222,Western,29,Female
5,3.77777777777778,Western,20,Female
2,3.88888888888889,Western,30,Male
1,5.11111111111111,Western,45,Female
2,3.77777777777778,Western,52,Female
8,4.33333333333333,Western,19,Female
1,1,Western,37,Female
7,3.33333333333333,Western,18,Female
4,4.33333333333333,Western,24,Female
3,4.55555555555556,Western,24,Female
7,3.22222222222222,Western,27,Male
4,4.22222222222222,Western,21,Male
4,3.88888888888889,Western,19,Male
1,3.22222222222222,Western,18,Male
1,2.44444444444444,Western,18,Female
7,5.88888888888889,Western,58,Female
5,3.55555555555556,Western,19,Female
4,3.44444444444444,Western,57,Female
2,1.66666666666667,Western,23,Female
3,3.66666666666667,Western,19,Female
3,3.77777777777778,Western,20,Female
7,4.88888888888889,Western,18,Female
1,2.11111111111111,Western,33,Female
2,2.66666666666667,Western,22,Female
5,5.22222222222222,Western,19,Male
6,4.88888888888889,Western,23,Female
5,3.22222222222222,Western,29,Female
3,3.33333333333333,Western,18,Female
6,4.55555555555556,Western,25,Female
8,5.33333333333333,Western,21,Female
1,4.33333333333333,Western,20,Female
5,3.22222222222222,Western,20,Male
7,3.66666666666667,Western,21,Female
3,3.66666666666667,Western,22,Female
5,3.11111111111111,Western,19,Female
1,3.44444444444444,Western,22,Female
3,3.11111111111111,Western,21,Female
5,4,Western,23,Female
6,3.55555555555556,Western,19,Female
5,4,Western,31,Female
2,4.66666666666667,Western,23,Female
6,2.22222222222222,Western,21,Female
7,4.88888888888889,Western,20,Female
6,4.44444444444444,Western,22,Male
7,3.33333333333333,Western,20,Female
5,4,Western,24,Male
3,5.22222222222222,Western,24,Female
6,3.55555555555556,Western,22,Female
3,2.22222222222222,Western,32,Female
2,4.66666666666667,Western,27,Male
5,3.22222222222222,Western,20,Female
5,4.11111111111111,Western,47,Female
1,2,Western,28,Female
2,4.11111111111111,Western,20,Female
3,4.44444444444444,Western,21,Female
4,4,Western,20,Female
8,4.66666666666667,Western,21,Female
1,3.33333333333333,Western,32,Female
2,4.44444444444444,Western,21,Female
3,3.66666666666667,Western,24,Female
2,4,Western,21,Female
4,3.88888888888889,Western,18,Female
3,3.88888888888889,Western,18,Female
2,3.33333333333333,Western,20,Male
5,4.22222222222222,Western,22,Male
3,2.88888888888889,Western,20,Male
3,4,Western,18,Female
2,4.11111111111111,Western,27,Female
4,4.22222222222222,Western,20,Female
1,3.11111111111111,Western,58,Female
3,3.33333333333333,Western,21,Male
3,2.77777777777778,Western,21,Male
3,4.11111111111111,Western,19,Female
3,3,Western,22,Female
2,3.44444444444444,Western,20,Female
9,6.33333333333333,Western,34,Female
5,4.22222222222222,Western,32,Female
6,4.22222222222222,Western,19,Male
1,3.11111111111111,Western,22,Male
8,4.66666666666667,Western,21,Female
1,3.55555555555556,Western,24,Female
6,4,Western,19,Male
5,4.77777777777778,Western,19,Female
4,4.11111111111111,Western,18,Female
6,3.11111111111111,Western,26,Male
5,3.33333333333333,Western,36,Female
6,3.55555555555556,Western,24,Female
4,3.77777777777778,Western,20,Male
1,2.66666666666667,Western,23,Female
1,1.44444444444444,Western,22,Female
5,4.33333333333333,Western,69,Male
1,4.22222222222222,Western,18,Female
3,2.55555555555556,Western,21,Male
1,3.66666666666667,Western,23,Male
1,4.44444444444444,Western,56,Female
1,4.11111111111111,Western,24,Female
9,4.22222222222222,Western,20,Male
3,3.77777777777778,Western,55,Female
1,4,Western,21,Female
2,4.33333333333333,Western,19,Female
6,3.88888888888889,Western,23,Male
3,3,Western,25,Female
7,3.44444444444444,Western,26,Female
2,4.88888888888889,Western,20,Female
5,4,Western,23,Female
4,2.77777777777778,Western,20,Female
3,3,Western,19,Male
3,3.88888888888889,Western,22,Female
3,3.11111111111111,Western,19,Male
4,4.55555555555556,Western,20,Female
3,3.44444444444444,Western,22,Female
1,4.77777777777778,Western,69,Female
2,3.77777777777778,Western,41,Female
6,4.33333333333333,Western,20,Male
6,4.11111111111111,Western,21,Male
1,1,Western,22,Female
2,2.88888888888889,Western,23,Male
3,3.33333333333333,Western,22,Male
9,5.88888888888889,Western,20,Male
2,3.33333333333333,Western,19,Female
6,3.33333333333333,Western,18,Female
3,3,Western,21,Female
3,3.77777777777778,Western,18,Female
5,4,Western,20,Female
2,3.44444444444444,Western,19,Female
5,5.77777777777778,Western,18,Male
3,4,Western,18,Female
6,4.11111111111111,Western,20,Female
6,3.77777777777778,Western,21,Male
5,4.44444444444444,Western,19,Female
4,3.88888888888889,Western,19,Female
6,4.77777777777778,Western,19,Male
1,3.77777777777778,Western,20,Female
1,3.33333333333333,Western,20,Male
6,4.44444444444444,Western,46,Male
4,2.22222222222222,Western,20,Female
1,3.88888888888889,Western,57,Female
1,3.11111111111111,Western,41,Female
2,2.77777777777778,Western,41,Female
2,4.44444444444444,Western,32,Female
1,3.22222222222222,Western,39,Male
1,3.33333333333333,Western,31,Female
1,3.44444444444444,Western,35,Female
4,4.22222222222222,Western,19,Female
1,2,Western,28,Female
1,3,Western,51,Male
1,2.88888888888889,Western,23,Female
5,3.33333333333333,Western,26,Male
1,4,Western,52,Female
1,3.11111111111111,Western,50,Female
2,4.33333333333333,Western,36,Female
2,2.33333333333333,Western,24,Male
5,4.22222222222222,Western,36,Female
5,3.66666666666667,Western,21,Female
4,3.33333333333333,Western,33,Female
2,3.11111111111111,Western,49,Female
2,4.33333333333333,Western,30,Female
5,4.33333333333333,Western,24,Male
4,2.33333333333333,Western,22,Female
4,4.55555555555556,Western,23,Female
2,2.55555555555556,Western,37,Male
2,3.66666666666667,Western,21,Female
6,4.33333333333333,Western,19,Male
5,4.22222222222222,Western,18,Female
5,4.44444444444444,Western,18,Female
7,3.11111111111111,Western,20,Male
1,3.88888888888889,Western,43,Female
4,3.33333333333333,Western,18,Female
5,4,Western,19,Female
3,3.77777777777778,Western,27,Female
3,3.88888888888889,Western,33,Female
9,5,Western,35,Male
3,2.44444444444444,Western,29,Male
1,5.22222222222222,Western,20,Female
9,5.77777777777778,Western,24,Female
7,4.44444444444444,Western,33,Female
2,4.11111111111111,Western,35,Female
5,5,Western,31,Female
5,4.88888888888889,Western,18,Male
2,3,Western,27,Female
1,2.22222222222222,Western,24,Female
3,4,Western,20,Male
1,3.66666666666667,Western,23,Female
1,4.22222222222222,Western,26,Female
5,2.66666666666667,Western,40,Female
5,4.22222222222222,Western,20,Female
1,2.66666666666667,Western,28,Male
1,4.11111111111111,Western,22,Female
2,3,Western,36,Female
8,4.22222222222222,Western,20,Male
4,5.44444444444445,Western,20,Male
5,4,Western,20,Female
1,4.11111111111111,Western,26,Female
3,2.55555555555556,Western,19,Male
2,2.55555555555556,Western,32,Female
3,3.44444444444444,Western,25,Female
3,3.77777777777778,Western,20,Female
1,2.55555555555556,Western,23,Female
1,3.33333333333333,Western,20,Female
1,5.22222222222222,Western,19,Female
5,3.88888888888889,Western,19,Female
1,4.33333333333333,Western,35,Female
1,4.44444444444444,Western,22,Female
6,3,Western,36,Female
7,4.33333333333333,Western,19,Male
3,4.22222222222222,Western,20,Female
7,5.44444444444445,Western,21,Female
2,4.11111111111111,Western,20,Female
3,4.66666666666667,Western,31,Female
2,4,Western,33,Female
1,4.11111111111111,Western,23,Male
2,4.55555555555556,Western,21,Female
4,4,Western,21,Female
1,3.44444444444444,Western,47,Female
2,3.22222222222222,Western,20,Male
2,3.22222222222222,Western,21,Male
3,2.66666666666667,Western,19,Female
1,5,Western,21,Female
3,4,Western,26,Male
1,3.66666666666667,Western,26,Male
4,4.33333333333333,Western,26,Female
1,3.22222222222222,Western,35,Female
5,4.55555555555556,Western,19,Female
1,2.88888888888889,Western,31,Male
4,4.33333333333333,Western,20,Female
2,3.11111111111111,Western,26,Female
4,4.44444444444444,Western,22,Female
1,2.77777777777778,Western,38,Female
1,3.55555555555556,Western,37,Female
2,1.77777777777778,Western,21,Female
1,1.66666666666667,Western,29,Female
4,4.44444444444444,Western,18,Female
1,5.22222222222222,Western,20,Female
6,4.11111111111111,Western,19,Male
1,4.66666666666667,Western,29,Male
4,3.44444444444444,Western,19,Female
7,3.33333333333333,Western,18,Female
5,5.11111111111111,Western,18,Female
9,5.44444444444445,Western,19,Female
7,3.77777777777778,Western,18,Female
2,3.88888888888889,Western,32,Male
3,3.11111111111111,Western,61,Male
3,3.66666666666667,Western,22,Male
3,4.22222222222222,Western,21,Female
3,4,Western,21,Female
1,3,Western,20,Male
1,2.66666666666667,Western,21,Female
6,3.77777777777778,Western,20,Male
3,4.44444444444444,Western,20,Female
1,3.22222222222222,Western,20,Male
5,3.55555555555556,Western,22,Female
1,2.44444444444444,Western,26,Female
7,4,Western,19,Female
6,3.55555555555556,Western,20,Female
4,3.66666666666667,Western,22,Female
5,4.11111111111111,Western,22,Male
6,4,Western,31,Male
5,3.33333333333333,Western,24,Male
1,3.55555555555556,Western,25,Female
3,3.66666666666667,Western,20,Male
5,3.88888888888889,Western,39,Female
1,2.77777777777778,Western,33,Male
6,2.66666666666667,Western,29,Female
9,4.44444444444444,Western,31,Male
7,3.77777777777778,Western,26,Female
2,3,Western,21,Male
6,3.55555555555556,Western,27,Female
1,3.22222222222222,Western,26,Female
5,2.77777777777778,Western,21,Male
3,3,Western,18,Female
5,4.11111111111111,Western,61,Male
4,3.88888888888889,Western,24,Female
1,4,Western,35,Female
1,2.77777777777778,Western,20,Female
3,4.66666666666667,Western,20,Female
7,2.55555555555556,Western,20,Female
4,4.11111111111111,Western,28,Male
6,2.55555555555556,Western,20,Male
7,5,Western,20,Female
1,4.33333333333333,Western,35,Female
2,2.33333333333333,Western,22,Female
6,4.33333333333333,Western,25,Female
5,3.66666666666667,Western,23,Female
3,3.33333333333333,Western,23,Female
3,2.66666666666667,Western,20,Male
9,2.66666666666667,Western,22,Male
9,4.33333333333333,Western,22,Female
7,4.11111111111111,Western,20,Female
3,2.88888888888889,Western,21,Female
9,4.66666666666667,Western,22,Female
2,3.33333333333333,Western,26,Female
5,3.88888888888889,Western,19,Female
1,3.55555555555556,Western,22,Female
1,3.11111111111111,Western,21,Male
5,4.77777777777778,Western,25,Male
5,4.11111111111111,Western,23,Male
1,3.11111111111111,Western,20,Male
1,3.66666666666667,Western,20,Female
4,3.77777777777778,Western,23,Female
1,4.11111111111111,Western,20,Female
3,4.22222222222222,Western,19,Female
7,5.55555555555556,Western,23,Male
3,3.77777777777778,Western,23,Female
1,3.66666666666667,Western,23,Female
1,4.22222222222222,Western,23,Female
1,2.55555555555556,Western,27,Male
4,3.11111111111111,Western,21,Female
5,2.44444444444444,Western,23,Female
3,2.88888888888889,Western,25,Female
2,2.55555555555556,Western,21,Female
5,3.55555555555556,Western,21,Female
3,3.55555555555556,Western,28,Female
1,3.44444444444444,Western,24,Female
5,4,Western,26,Male
6,3.88888888888889,Western,30,Male
3,4.55555555555556,Western,18,Male
3,3.44444444444444,Western,25,Male
1,4,Western,20,Female
7,3.44444444444444,Western,23,Male
1,2.33333333333333,Western,24,Female
4,3.33333333333333,Western,23,Female
1,2.88888888888889,Western,21,Male
1,3.44444444444444,Western,20,Male
4,3.44444444444444,Western,21,Male
3,3.22222222222222,Western,24,Male
2,3.33333333333333,Western,20,Female
6,3.22222222222222,Western,21,Female
7,2.88888888888889,Western,20,Male
4,3.55555555555556,Western,22,Female
2,2.88888888888889,Western,23,Female
2,4.77777777777778,Western,23,Female
1,3.22222222222222,Western,21,Female
1,3.33333333333333,Western,23,Female
3,3.55555555555556,Western,23,Female
1,3.22222222222222,Western,23,Female
4,2.77777777777778,Western,23,Female
1,2.55555555555556,Western,23,Male
1,3.11111111111111,Western,22,Female
3,2.55555555555556,Western,24,Female
1,4.33333333333333,Western,20,Female
2,4.88888888888889,Western,26,Female
5,3.33333333333333,Western,51,Male
7,5.22222222222222,Western,22,Female
2,3.66666666666667,Western,21,Male
2,3.88888888888889,Western,26,Female
4,4.44444444444444,Western,19,Female
3,4.33333333333333,Western,19,Female
2,3.44444444444444,Western,18,Female
4,3,Western,20,Female
3,3,Western,20,Female
3,2.88888888888889,Western,20,Female
1,1.44444444444444,Western,22,Male
1,2.77777777777778,Western,23,Female
2,4.22222222222222,Western,30,Male
3,4,Western,22,Male
1,4.44444444444444,Western,21,Male
1,3.44444444444444,Western,22,Female
1,2.22222222222222,Western,23,Female
8,2.77777777777778,Western,24,Female
1,2.88888888888889,Western,20,Female
4,4.66666666666667,Western,22,Male
1,2.44444444444444,Western,20,Female
2,4.77777777777778,Western,24,Female
1,4.44444444444444,Western,55,Female
3,1.33333333333333,Western,18,Female
7,5.55555555555556,Western,30,Male
3,3.88888888888889,Western,49,Female
3,3.33333333333333,Western,22,Female
2,3.22222222222222,Western,23,Female
3,2.66666666666667,Western,25,Female
5,3.88888888888889,Western,20,Female
3,3.88888888888889,Western,25,Female
2,4.66666666666667,Western,19,Female
1,4.33333333333333,Western,21,Female
5,2.22222222222222,Western,18,Female
9,1.44444444444444,Western,20,Female
3,3.66666666666667,Western,19,Female
6,4.77777777777778,Western,18,Female
9,2.55555555555556,Western,27,Female
3,4.77777777777778,Western,23,Female
6,2.66666666666667,Western,36,Female
1,3.55555555555556,Western,21,Male
1,3.55555555555556,Western,31,Male
5,4.11111111111111,Western,19,Female
3,3.44444444444444,Western,21,Female
7,3,Western,18,Female
3,3.55555555555556,Western,20,Female
1,1,Western,49,Male
2,4.22222222222222,Western,45,Male
4,4.11111111111111,Western,21,Female
9,4.22222222222222,Western,50,Male
1,3,Western,23,Female
7,4.88888888888889,Western,40,Male
4,4.66666666666667,Western,20,Female
6,3.44444444444444,Western,20,Male
1,2.55555555555556,Western,20,Female
4,4.33333333333333,Western,58,Female
5,4.88888888888889,Western,28,Female
1,1,Western,58,Female
1,2.11111111111111,Western,63,Female
3,2.77777777777778,Western,34,Female
5,4.77777777777778,Western,52,Male
1,4,Western,49,Female
4,3.33333333333333,Western,21,Female
6,4.88888888888889,Western,18,Female
8,3.55555555555556,Western,58,Male
5,4.44444444444444,Western,31,Female
1,1.55555555555556,Western,61,Male
9,4.33333333333333,Western,40,Male
5,3.44444444444444,Western,27,Male
6,3.33333333333333,Western,62,Female
6,4.77777777777778,Western,44,Female
9,3.77777777777778,Western,71,Male
2,4.22222222222222,Western,64,Male
1,3.22222222222222,Western,73,Male
3,3,Western,22,Male
1,2.44444444444444,Western,64,Male
1,2.88888888888889,Western,33,Male
1,3.66666666666667,Western,71,Male
5,5.44444444444445,Western,71,Male
1,3.77777777777778,Western,58,Female
1,4.11111111111111,Western,60,Female
4,3.88888888888889,Western,53,Female
5,4,Western,19,Female
1,3.77777777777778,Western,38,Female
4,3.22222222222222,Western,21,Female
6,5,Western,21,Male
4,3.33333333333333,Western,70,Male
4,3.22222222222222,Western,20,Female
1,3.33333333333333,Western,25,Female
4,4.44444444444444,Western,34,Female
4,3,Western,20,Female
2,3.88888888888889,Western,22,Male
2,3.11111111111111,Western,24,Female
3,4,Western,28,Female
5,4.77777777777778,Western,56,Female
5,4,Western,24,Female
9,3.77777777777778,Western,18,Male
3,3.88888888888889,Western,64,Male
4,3.88888888888889,Western,20,Female
6,3.66666666666667,Western,20,Male
2,3.88888888888889,Western,24,Female
1,2.88888888888889,Western,60,Male
1,4.11111111111111,Western,22,Male
4,3.66666666666667,Western,24,Female
2,3.11111111111111,Western,86,Female
8,4.55555555555556,Western,71,Female
5,3.11111111111111,Western,48,Female
2,2.55555555555556,Western,21,Female
2,2.66666666666667,Western,21,Female
4,3.55555555555556,Western,19,Female
1,2.55555555555556,Western,76,Male
6,3.22222222222222,Western,21,Female
3,3.66666666666667,Western,18,Female
1,3.33333333333333,Western,61,Male
5,3,Western,18,Female
7,3.77777777777778,Western,19,Female
5,5.22222222222222,Western,75,Female
5,6,Western,30,Female
3,3.88888888888889,Western,20,Female
6,2.66666666666667,Western,24,Female
1,1,Western,43,Male
9,5.44444444444445,Western,77,Male
9,4,Western,36,Female
7,4,Western,67,Male
9,5.77777777777778,Western,69,Male
2,4.11111111111111,Western,32,Female
3,3.44444444444444,Western,37,Female
3,3.11111111111111,Western,69,Male
4,5.66666666666667,Western,24,Female
3,2.55555555555556,Western,25,Male
3,3.88888888888889,Western,35,Male
1,3.22222222222222,Western,31,Female
1,3.88888888888889,Western,41,Male
1,4.22222222222222,Western,23,Female
5,3.66666666666667,Western,29,Female
3,3.44444444444444,Western,66,Female
1,4,Western,21,Female
2,3,Western,61,Male
5,4.66666666666667,Western,37,Female
1,2.33333333333333,Western,29,Female
2,2.66666666666667,Western,28,Female
1,2.88888888888889,Western,23,Female
8,4.44444444444444,Western,19,Male
5,3.88888888888889,Western,21,Female
7,3.22222222222222,Western,19,Female
6,4.22222222222222,Western,18,Female
3,2.44444444444444,Western,18,Female
6,4.11111111111111,Western,20,Female
1,2.77777777777778,Western,20,Female
5,3.33333333333333,Western,35,Female
1,4.33333333333333,Western,20,Male
4,4,Western,22,Male
9,5.22222222222222,Western,22,Male
2,4.11111111111111,Western,27,Male
5,2.77777777777778,Western,22,Male
7,4.55555555555556,Western,23,Female
3,3,Western,30,Female
1,2.88888888888889,Western,36,Male
6,4.11111111111111,Western,30,Female
5,3.77777777777778,Western,32,Male
3,2.11111111111111,Western,20,Female
9,4,Western,19,Female
6,3.66666666666667,Western,20,Female
2,2.33333333333333,Western,52,Female
5,3.66666666666667,Western,20,Female
2,2.77777777777778,Western,20,Female
3,1.66666666666667,Western,42,Female
